年份,首播日期,頻道,集數,劇名,主演
2001年,4月12日,華視,24, 流星花園 ,F4 、 徐熙媛 、 錢韋杉 、 楊丞琳 、 歐定興 、 藍正龍
2001年,7月30日,台視 東森,18, 吐司男之吻 ,李威 、 李康宜 、 蔡裴琳 、 張毓晨
2001年,8月20日,華視 東森,45, 貧窮貴公子 ,周渝民 、 朱孝天 、 伊能靜 、 柳翰雅
2001年,9月9日,華視,13, 醜女大翻身 ,郭妃麗 、 張立威 、 鍾欣凌
2001年,9月27日,華視,4, 流星雨 ,F4 、 千田愛紗 、 佐藤麻衣 、 楊丞琳
2001年,10月11日,華視,13, 蜜桃女孩 ,吳建豪 、 吳辰君 、 吳克群
2001年,11月2日,華視,3, 烈愛傷痕 ,言承旭 、 莫文蔚 、 張學友
2001年,12月6日,台視 三立,10, 薰衣草 ,許紹洋 、 陳怡蓉 、 王建隆 、 林韋君
2001年,12月19日,華視,30, 橘子醬男孩 ,朱孝天 、 黃湘怡
2002年,1月23日,台視,20, 愛情大魔咒 ,藍正龍 、 Ella 、 Hebe 、 彭曉彤 、 劉智瑋 、 李蒨蓉 、 周幼婷 、 聶雲 、 葛蕾
2002年,1月25日,台視   東森,18, 吐司男之吻II愛情本事 ,李威 、 李康宜 、 蔡裴琳 、 張毓晨 、 張天霖 、 陳躍虎 、 龐庸之 、 鈕承澤
2002年,2月1日,中視,14, 來我家吧 ,許茹芸 、 范植偉 、 天心 、 F4 (客串)
2002年,2月21日,台視,13, 搖滾莎士 ,韓志傑 、 李康宜 、 吳中天 、 章家瑄 、 于冠華 、 葉天倫 、 溫兆宇 、 吳恩琪 、 蔣偉文
2002年,3月7日,華視,7, 世紀愛情夢幻 ,甄秀珍 、 柯叔元 、 夏如芝 、 湯鈞禧
2002年,3月27日,台視,13, 再見螢火蟲 ,袁耀發 、 湯鈞禧 、 關建瑩 、 郭鑫 、 葉安婷 、 邱琦雯
2002年,3月27日,民視,24, 超人氣學園 ,賈靜雯 、 郁方 、 劉至翰 、 林煒 、 王建隆 、 王俐人 、 張懷汶 、 許傑輝
2002年,4月2日,八大,21, 十八歲的約定 ,施易男 、 林依晨 、 許瑋倫 、 馬志翔 、 張毓晨 、 張孝全 、 劉畊宏
2002年,4月26日,中視,21, 愛情白皮書 ,彭于晏 、 楊丞琳 、 余文樂 、 范瑋琪 、 李元伯
2002年,4月26日,華視,13, U-TOUCH四號宿舍 ,郭鑫 、 川島茉樹代 、 楊祐寧 、 王瀅
2002年,5月23日,台視,13, 紫色角落 ,陳建州 、 楊千霈 、 小嫻 、 張孝全 、 周群達 、 唐志中
2002年,6月3日,台視,13, 極速青春 ,陳柏霖 、 柯有倫 、 王宇婕 、 李岳
2002年,6月26日,台視,20, 摘星 ,陳宇凡 、 沈韶妲 、 霍建華 、 張毓晨 、 黃文豪 、 李烈 、 李厚豪 、 林健寰 、 楊凱橋
2002年,6月29日,華視,24, 愛上痞子男 ,竇智孔 、 陳德容 、 李李仁 、 周幼婷 、 范瑞君 、 王瞳
2002年,7月5日,中視,41, 麻辣高校生 ,范筱梵 、 安以軒 、 林利霏 、 屈中恆 、 陳若芝 、 庹宗康 、 陳幼芳 、 劉亮佐 謝承均 、 張勛傑
2002年,7月9日,中視 東森,10, 雪地裡的星星 ,何潤東 、 邱澤 、 陳怡蓉 、 胡雅評
2002年,7月21日,華視 三立,18, MVP情人 ,5566 、 顏行書 、 張韶涵 、 陳喬恩 、 高天騏 、 陳宇凡 、 林立雯
2002年,8月2日,中視 東森,13, 甜檸檬之戀 ,李威 、 姚元浩 、 梁又琳 、 侯湘婷
2002年,8月5日,華視,27, 偷偷愛上你 ,TAE 、 林韋君 、 鍾漢良 、 鄭安倫 、 李元伯 、 陳俊生 、 許瑋倫
2002年,8月12日,東風衛視,25, 八號風球的愛戀 ,曾寶儀 、 鄭家榆 、 蕭淑慎 、 張瓊姿 、 屈中恆 、 王耀慶 、 李李仁 、 尹昭德
2002年,9月3日,華視,22, 月光森林 ,吳克群 、 馬志翔 、 張本渝 、 侯湘婷 、 本多RuRu 、 隆宸翰 、 陳承祥 、 陳予新 、 劉虹嬅 、 紀文蕙 、 蔡立群
2002年,11月11日,華視 東風衛視,31, 流星花園Ⅱ ,F4 、 徐熙媛 、 鄭雪兒 、 吳佩慈 、 楊丞琳 、 歐定興 、 賴雅妍 、 錢韋杉
2002年,11月15日,中視 東森,15, 天下無雙 ,竇智孔 、 許瑋倫 、 婷婷
2002年,12月4日,民視,27, 愛情風味屋 ,劉至翰 、 後藤希美子
2002年,12月18日,華視,17, 聖夏零度C ,林佑威 、 陳斯婷 、 楊謹華 、 徐可
2003年,1月12日,中視 東森,20, 我的秘密花園 ,林依晨 、 張天霖 、 楊謹華 、 梁又琳 李岳 、 六月  、 金玉嵐  、 蔡淑臻 、 霍建華
2003年,1月26日,華視,16, 舞動奇蹟 ,洪嘉鈴 、 張大鏞 、 方子萱 、 陳宇凡
2003年,3月19日,中視,13, Hi 上班女郎 ,羅志祥 、 蔡依林 、 賴雅妍 、 文汶 單承矩 、 劉亮佐 、 葛西健二 郭世倫 、 夏于喬 、 朱孝天
2003年,4月16日,華視,23, 美麗俏佳人 ,葉安婷 、 施易男 、 邱琦雯 、 陳柏諭 劉恆 、 霍建華 、 田家達 、 徐貴櫻 、 傅雷 楊浩 、 孟庭麗 、 劉爾金 、 麗鳳 、 李冠儀
2003年,5月2日,中視,12, 慾望六人行 ,范筱梵 、 施易男 、 錢韋杉 、 謝承均 葛蕾 、 琇琴 、 郭品超
2003年,5月4日,中視,20, 粉紅教父小甜甜 ,楊丞琳 、 竹幼婷 、 劉恆 、 高英軒 、 張復建 安雅 、 張兆志 、 羅北安 、 唐從聖 、 曾婉華
2003年,5月18日,華視 三立,18, 海豚灣戀人 ,張韶涵 、 許紹洋 、 林韋君 、 霍建華 、 徐婕兒
2003年,5月25日,台視 東風衛視,26, 薔薇之戀 ,黃志瑋 、 S.H.E 、 鄭元暢 、 陸明君 葉童 、 比莉 、 紅膠囊
2003年,8月10日,中視 東森,23, 熟女慾望日記 ,李蒨蓉 、 楊謹華 、 紀文蕙 、 侯湘婷 、 施易男 黃少祺 、 苗子傑 、 王耀慶 、 黃玉榮 、 郭鑫
2003年,8月21日,華視 東森,20, 狂愛龍捲風 ,周渝民 、 徐若瑄 、 朱孝天 、 許瑋倫 琇琴 、 文汶 、 張毓晨
2003年,8月26日,TVBS-G,22, 七年級生 ,賀軍翔 、 林依晨 、 林熙蕾 、 林立雯 張睿家 、 苗子傑 、 汪建民 、 林逸宏 張琴 、 賴智煒 、 陳德烈 、 金剛
2003年,9月3日,台視,22, 王牌天使 ,林佑威 、 吳孟達 、 范筱梵 、 安以軒 林利霏 、 光良 、 謝承均
2003年,9月16日,華視,15, 星願 ,陳怡蓉 、 張天霖 、 張孝全 、 夏如芝 、 徐愛心
2003年,9月21日,華視 三立,16, 西街少年 ,5566 、 霍建華 、 劉品言 、 王心凌
2003年,10月28日,八大,20, 又見橘花香 ,陳怡蓉 、 陳司翰 、 關穎 、 梁又琳 、 張孝全 楊祐寧 、 王道 、 徐貴櫻 、 阿龐 、 孫麗婷
2003年,11月9日,台視,21, 戀香 ,彭于晏 、 Ben 、 秋瓷炫 、 許瑋倫 、 劉松仁 沈時華 、 李欣 、 李喜真 、 吳世圭 、 那維勳
2003年,11月13日,華視 三立,39 27 40, 千金百分百 ,陳喬恩 、 林韋君 、 霍建華 、 溫兆倫 江祖平 、 許孟哲
2003年,11月16日,中視 東森,13, 原味的夏天 ,邱澤 、 楊丞琳 、 沈建宏 、 午馬 楊千霈 、 張朝閔 、 歐定興 、 林涵
2004年,1月25日,華視 三立,15, 雪天使 ,ToRo 、 王宇婕 、 顏行書 、 楊謹華 、 唐家豪
2004年,1月25日,華視,20, 單身宿舍連還泡 ,竇智孔 、 安以軒 、 梁又琳 、 柯以柔 李佳豫 、 李威
2004年,2月15日,中視,10, 死了都要愛 ,信樂團 、 隋棠 、 王耀慶 、 倪淑君
2004年,1月28日,八大,20, 鬥魚 ,郭品超 、 藍正龍 、 安以軒 、 張勛傑 陸明君 、 戴君竹 、 阿龐 、 謝承均
2004年,3月31日,華視 八大,20, 候鳥e人 ,應采兒 、 譚俊彥 、 關穎 楊丞琳 、 品冠 、 黑人
2004年,4月4日,台視,18, 求婚事務所 ,鈕承澤 、 唐治平 、 錢韋杉 、 關勇 、 李康宜 李紹祥
2004年,4月4日,中視 東森,21, 我的秘密花園2 ,林依晨 、 張天霖 、 楊謹華 、 梁又琳 、 林立雯 龐庸之 、 六月 、 明金成 、 金玉嵐 、 李厚豪 李岳
2004年,5月5日,八大,20, 撞球小子 ,鄭元暢 、 許瑋倫 、 陳宇凡 、 唐禹哲 、 陳德烈
2004年,5月9日,華視 三立,17, 紫禁之巔 ,K-ONE 、 曾之喬 、 張思萍 、 王紹偉 徐華鳳 、 廖峻 、 高志宏 、 連偉孝
2004年,5月15日,緯來戲劇台,18, 我的明星男友 ,湯鈞禧 、 謝曜仲 、 楊季霖 、 曾韋橋 曾暐雲 、 關建瑩 、 張敏 、 徐華鳳 邱琦雯 、 陳明真 、 柯俊雄
2004年,6月29日,TVBS-G,23, 愛情合約 ,賀軍翔 、 林依晨 、 張睿家
2004年,7月4日,台視,20, 米迦勒之舞 ,Energy 、 李喜真 、 阮經天 、 湯志偉 、 馬之秦 丁強 、 張捷 、 阿部力 、 林秉億 、 鄭元暢 （客串）
2004年,7月31日,華視 八大,20, 戰神 ,周渝民 、 徐熙媛 、 安鈞璨 、 修杰楷 、 賴雅妍
2004年,7月31日,民視,21, 眉飛色舞 ,丁文琪 、 張勛傑 、 蕭瀟 、 杜德偉 、 劉恆 金剛 、 劉真 、 李天柱 、 陸一龍 、 乾德門
2004年,8月12日,台視,13, 愛上千金美眉 ,陳喬恩 、 許孟哲 、 王俐人 、 張鈺凰 田家達 、 王嘉惠
2004年,8月17日,TVBS-G,20, 香草戀人館 ,張天霖 、 林立雯 、 周群達 、 吳君強 陳怡嘉 、 楊雅筑 、 沈海蓉 、 王玨
2004年,8月29日,中視,14, 極速傳說 ,李威 、 楊丞琳 、 張孝全 、 周群達 隋棠 、 曾耀揚 、 劉亮佐
2004年,9月5日,華視 三立,19, 天國的嫁衣 ,王心凌 、 立威廉 、 明道 、 關穎 、 汪芷榆
2004年,9月29日,八大,20, 鬥魚2 ,郭品超 、 藍正龍 、 羅志祥 、 安以軒 張勛傑 、 陸明君 、 謝承均
2004年,10月30日,華視 東森,14, 愛情魔戒 ,鄭元暢 、 夏于喬 、 錢韋杉 、 Ben
2004年,10月30日,民視,13, 追風少年 ,竇智孔 、 黃湘怡 、 王傳一 、 安以軒 、 梁又琳 陳德烈 、 楊雅筑 、 田家達 、 李易 、 庹宗康 鄒少官
2004年,11月22日,八大,20, 火線任務 ,張孝全 、 安以軒 、 藍正龍 、 林利霏 阿龐 、 楊千霈 、 伊正 、 李天柱
2004年,12月5日,中視 東森,14, 男丁格爾 ,謝坤達 、 張天霖 、 林韋君 、 蔡裴琳 梁又琳 、 丁文琪 、 姚黛瑋 、 關勇 庹宗康 、 徐愛心 、 張書偉
2004年,12月15日,華視 東森,41, 愛在星光燦爛時 ,賴雅妍 、 王傳一 、 李康宜 、 曾少宗 、 安鈞璨 張庭偉 、 申東靖 、 徐貴櫻 、 仇政 、 勾峰 唐琪
2005年,1月16日,台視 三立,20, 格鬥天王 ,孫協志 、 王仁甫 、 Sweety 、 唐家豪 方岑 、 艾偉 、 賴薇如 、 林美秀 、 羅北安
2005年,1月16日,華視,13, 聽不到的戀人 ,貴島功一郎 、 侯湘婷 、 潘慧如 、 修杰楷 陳偉嵐
2005年,3月13日,中視 東森,15, 雙璧傳說 ,張天霖 、 許瑋倫 、 婷婷 、 王思佳 、 陳德烈
2005年,4月17日,華視,20, 少年卡布奇諾 ,龍澤 、 張峰奇 、 蔡裴琳 、 王婉霏 張雅淳 、 張魁 、 胡佩璉 、 孟庭麗 馬維欣 、 內田忠克 、 官家宇 、 傅天穎
2005年,6月5日,台視 三立,20, 王子變青蛙 ,明道 、 陳喬恩 、 王紹偉 、 趙虹喬 、 Gino
2005年,6月26日,中視 東森,14, 惡魔在身邊 ,賀軍翔 、 楊丞琳 、 王傳一 、 蔡裴琳
2005年,7月3日,華視,14, 海豚愛上貓 ,彭于晏 、 董敏莉 、 陸明君 、 張智堯 周文賢 、 柯宇綸 、 白吉勝 、 陳偉嵐
2005年,7月8日,華視,28, 我只在乎妳 ,彭于晏 、 楊謹華 、 李康宜 、 劉松仁 涂善妮 、 唐文龍 、 何如芸 、 陳宇凡
2005年,7月30日,民視,26, 偷天換日 ,郭品超 、 關穎 、 洪金寶 、 小潘潘 唐以菲 、 熊海靈 、 洪其德 、 楊一展
2005年,8月1日,台視,20, 失戀高跟鞋 ,林嘉俐 、 伊能靜 、 陳孝萱 、 安雅 吳興國 、 林煒 、 韓道光 、 唐從聖
2005年,8月20日,八大,20, 惡靈05 ,李威 、 洪小鈴 、 TAE 、 楊龍澤 、 金剛 林立雯
2005年,9月5日,台視,20, 風中戰士 ,王宗堯 、 柏妍安 、 房思瑜 、 邱澤 李天柱 、 何潤東 、 鍾兆康 、 雷凱 、 張振寰
2005年,9月25日,中視 八大,20, 惡作劇之吻 ,鄭元暢 、 林依晨 、 汪東城 、 許瑋甯 章柏翰 、 趙詠華 、 張永正 、 唐從聖
2005年,9月26日,TVBS-G,32, 惡男宅急電 ,賀軍翔 、 許瑋倫 、 柯叔元 、 張睿家 顏穎思
2005年,10月16日,華視 東森,14, 真命天女 ,S.H.E 、 郭彥均 、 陳至愷 、 狄志傑
2005年,10月23日,台視 三立,15, 綠光森林 ,劉品言 、 立威廉 、 阮經天 、 宋智愛
2005年,10月24日,華視,17, 聖稜的星光 ,楊祐寧 、 李康宜 、 張大鏞 、 吳立琪 陳為民 、 張少懷 、 林金郎 、 林永恆
2005年,10月30日,東森戲劇台,22, 愛戀2000米  （ 極速傳說II ）,李威 、 姚元浩 、 顏穎思 、 隋棠 李佳豫 、 曾少宗 、 單承矩 、 劉亮佐
2005年,11月26日,八大,21, 終極一班 ,飛輪海 、 唐禹哲 、 黃小柔 Melody 、 那維勳
2006年,2月6日,緯來綜合台,31, 我的兒子是老大 ,陳奕 、 林美秀 、 檢場 、 杜詩梅 、 愛紗 、 郭世倫 、 林利霏 、 唐家豪
2006年,2月12日,台視 三立,22, 愛情魔髮師 ,曾之喬 、 明道 、 王紹偉 、 祝釩剛 、 黃玉榮 、 隋棠 、 林孟瑾
2006年,2月19日,中視 八大,13 14, 愛殺17 ,張韶涵 、 楊士萱 、 陸廷威 、 李詠嫻 、 張毓晨 、 石菁菁 、 張善傑 、 吳中天 、 黃健瑋
2006年,5月21日,中視 東森,19, 深情密碼 ,周渝民 、 朴恩惠 、 賴雅妍 、 許志安 、 王傳一 、 陳珮騏
2006年,6月3日,八大 公視,17, 東方茱麗葉 ,吳尊 、 林依晨 、 任達華 、 張睿家 、 五熊 、 比莉 、 唐治平 、 黃鴻升  、 張皓明 、 龔繼安
2006年,6月14日,華視 東森,20, 白袍之戀 ,張勛傑 、 郭品超 、 賴雅妍 、 安以軒 、 李天柱 、 阿龐 、 阿爆
2006年,7月16日,台視 三立,17, 微笑Pasta ,張棟梁 、 王心凌 、 Gino 、 趙虹喬
2006年,9月18日,華視,30, 極道學園 ,王傳一 、 藤岡靛 、 馬如龍 、 包小柏 、 李偉豪 、 李佳豫 、 包偉銘
2006年,7月19日,華視 TVBS-G,20, 我們結婚吧 ,賀軍翔 、 劉喆瑩 、 楊一展 、 莎莎 、 周采詩 、 夏靖庭 、 楊淇
2006年,7月21日,中視 中天,23, 國光異校 ,范筱梵 、 許嘉凌 、 夏如芝 、 彭康育 、 蔡淑臻 、 許慧欣 、 庹宗康 、 屈中恆 、 孫鵬
2006年,8月15日,中視,39, 白色巨塔 ,言承旭 、 戴立忍 、 張國柱 、 楊謹華 、 張鈞甯 、 唐治平 、 吳孟達
2006年,8月20日,華視,13, 戀愛女王 ,張天霖 、 楊謹華 、 洪小鈴 、 卓文萱 、 陳德烈 、 橫內晶
2006年,8月21日,華視,32, 天堂來的孩子 ,李威 、 陳怡蓉 、 汪政緯 、 高以翔 、 隋棠 、 黃鴻升
2006年,10月1日,中視 超視,30, 星蘋果樂園 ,明道 、 張芯瑜 、 顏行書 、 立揚 、 楊雅筑 、 賴薇如 、 王中平
2006年,11月8日,華視,27, 剪刀石頭布 ,王紹偉 、 陳喬恩 、 張勛傑
2006年,11月12日,台視 三立,16, 愛情經紀約 ,杜德偉 、 許紹洋 、 Lara 、 林孟瑾 、 卓文萱 、 鄧九雲 、 卜學亮 、 金沛晟
2006年,11月19日,華視 八大,15, 花樣少年少女 ,吳尊 、 Ella 、 汪東城
2007年,1月7日,中視 東森戲劇台,16, 轉角*遇到愛 ,羅志祥 、 徐熙媛 、 陳至愷 、 路嘉欣 、 陳珮騏 、 方芳 、 藤岡靛
2007年,2月14日,華視 八大綜合台,14, 親親小爸 ,楊士萱 、 葉羿君 、 王心如 、 羅幼軒
2007年,3月6日,華視 八大綜合台,13, 至尊玻璃鞋 ,唐振剛 、 陸明君 、 陳思璇 、 周曉涵 、 龔繼安 、 張勛傑 、 林利霏 、 韋汝
2007年,3月11日,台視 三立都會台,20, 放羊的星星 ,林志穎 、 劉荷娜 、 立威廉 、 洪小鈴 、 李威
2007年,3月11日,華視 八大綜合台,12, 熱情仲夏 ,鄭元暢 、 五熊 、 阮經天 、 張毓晨
2007年,4月29日,中視 八大綜合台,20, 18禁不禁 ,阿本 、 小薰 、 小草 、阿美、 唐以菲 、 周曉涵 、 張家寧 、 地球 、 陳建州
2007年,6月3日,華視 八大綜合台,15, 換換愛 ,賀軍翔 、 楊丞琳 、 王傳一 、 Judy 、 陳妍希 、 許時豪 、 孫沁岳
2007年,7月11日,華視,20, 我要變成硬柿子 ,楊銘威 、 王心如 、 陳德烈 、 陳意涵 、 洪詩 、 李易 、 高以翔 、 可比 、 庹宗華 、 戈偉如
2007年,7月15日,民視 衛視中文台,13, 黑糖瑪奇朵 ,棒棒堂 、  黑澀會美眉 、 劉容嘉 、 李銓 、 小馬 、 納豆
2007年,7月29日,台視 三立都會台,16, 櫻野三加一 ,明道 、 陳喬恩 、 黃志瑋 、 許孟哲 、 范植偉 、 張芯瑜 、 劉喆瑩 、 李天柱
2007年,8月8日,八大綜合台,55, 終極一家 ,飛輪海 、 藍心湄 、 那維勳 、 陳博正 、 唐禹哲 、 黃小柔 、 謝和弦 、 脩 、 寒
2007年,8月17日,華視 東森戲劇台,24, 惡女阿楚 ,王紹偉 、 曾之喬 、 卓文萱 、 陳奕
2007年,9月16日,中視 八大綜合台,13, 公主小妹 ,張韶涵 、 吳尊 、 辰亦儒 、 卓文萱
2007年,9月16日,華視 八大綜合台,20, 美味關係 ,周渝民 、 侯佩岑 、 柯有綸 、 賴雅妍 、 比莉 、 太保 、 紀培慧 、 鄧九雲 、 張永智 、 羅北安 、 吳中天
2007年,10月14日 10月20日,民視 衛視中文台,13, 愛情兩好三壞 ,孫協志 、 曾之喬 、 陳奕 、 趙虹喬
2007年,11月18日,台視 三立都會台,17, 鬥牛，要不要 ,賀軍翔 、 Hebe 、 李威 、 柯奐如
2007年,12月15日,公視 衛視中文台,20, 我在墾丁*天氣晴 ,鈕承澤 、 彭于晏 、 李康宜 、 阮經天 、 張鈞甯 、 李紹祥
2007年,12月16日,中視 八大綜合台,20, 惡作劇2吻 ,鄭元暢 、 林依晨 、 汪東城 、 唐禹哲 、 五熊 、 曾少宗 、 劉容嘉 、 趙詠華 、 楊佩婷 、 炎亞綸
2008年,1月13日,民視 衛視中文台,13, 原來我不帥 ,林俊傑 、 曾愷玹 、 李玖哲 、 張勛傑 、 路嘉欣 、 姚安琪 、 鍾欣怡
2008年,2月3日,華視 緯來綜合台,16, 這裡發現愛 ,周渝民 、 朱孝天 、 王傳一 、 陳妍希 、 關穎 、 吳建豪
2008年,3月16日,台視 三立都會台,24, 命中注定我愛你 ,阮經天 、 陳喬恩 、 白歆惠 、 陳楚河
2008年,5月4日,中視 八大綜合台,12, 翻滾吧！蛋炒飯 ,汪東城 、 唐禹哲 、 卓文萱 、 小薰 、 阿ken 、 余秉諺 、 劉喆瑩
2008年,5月25日,華視 八大綜合台,14, 蜂蜜幸運草 ,彭于晏 、 鄭元暢 、 張鈞甯 、 李國毅 、 伊藤千晃 、 蘇慧倫 、 陳宇凡 、 張翰
2008年,7月21日,客家電視台,23, 花樹下的約定 ,黃玉榮 、 陳靖婕 、 亞里 、 許仁傑 、 王琄
2008年,7月26日,民視 衛視中文台,13, 黑糖群俠傳 ,棒棒堂 、 黑Girl 、 阿本 、 小馬 、 周曉涵 、 張家寧 、 唐以菲 、 張克帆 、 陳孝萱 、 許效舜 、 范瑋琪
2008年,7月27日,中視 八大綜合台,13, 籃球火 ,言承旭 、 羅志祥 、 吳尊 、 張勛傑 、 蔣怡 、 周采詩 、 胡宇崴 、 卜學亮 、 張雁名 、 博焱
2008年,8月24日,台視 三立都會台,19, 無敵珊寶妹 ,張棟梁 、 郭采潔 、 邱澤 、 洪小鈴 、 黃一飛
2008年,9月7日,華視 東森戲劇台,14, 不良笑花 ,楊丞琳 、 潘瑋柏 、 藤岡靛 、 陳妍希
2008年,9月8日,中視 中天娛樂台,32, 牽牛花開的日子 ,吳奇隆 、 竇智孔 、 楊謹華 、 張天霖 、 林利霏 、 鍾欣怡 、 李佳豫 、 汪政緯
2008年,10月3日,台視 三立都會台,24, 波麗士大人 ,藍正龍 、 林佑威 、 鄭有傑 、 謝沛恩 、 Judy 、 馬志翔 、 桂綸鎂 、 汪建民 、 樊光耀 、 吳立琪 、 周詠軒 、 寶媽 、 劉喆瑩 、 路斯明 、 黃健瑋
2008年,10月20日,台視,25, 幸福捕手 ,徐懷鈺 、 施易男 、 王怡仁 、 唐治平 、 雲中嶽 、 湯蘭花 、 蔣偉文 、 吳震亞
2008年,11月7日,民視 八大綜合台,16, 霹靂MIT ,鬼鬼 、 炎亞綸 、 范瑋琪 、 黃鴻升 、 田麗 、 陸廷威
2008年,11月15日,公視,20, 天平上的馬爾濟斯 ,李康宜 、 林佑威 、 馬志翔 、 陸明君 、 張世 、 曾珮瑜 、 陳彥儒
2008年,11月16日,中視 八大綜合台,13, 我的億萬麵包 ,鄭元暢 、 林依晨 、 張睿家 、 張毓晨 、 黃文星
2008年,12月14日,華視 東森綜合台,16, 王子看見二公主 ,郭品超 、 陳庭妮 、 洪卓立 、 洪子涵 、 曾珮瑜 、 張勛傑
2008年,12月15日,客家電視台,20, 彩色寧靜海 ,溫昇豪 、 小林優美 、 黃采儀 、 丁寧
2008年,12月22日,台視 TVBS歡樂台,20, 幸福的抉擇 ,藍正龍 、 劉心悠 、 邵美琪 、 楊貴媚 、 莎莎 、 陳宇凡 、 林立雯 、 曾少宗
2009年,1月4日,台視 三立都會台,21, 敗犬女王 ,阮經天 、 楊謹華 、 溫昇豪 、 楊雅筑 、 張懷秋 、 宋新妮 、 大炳 、 小應 、 趙自強 、 林美秀 、 柯佳嬿 、 賴琳恩
2009年,1月24日,公視,22, 心星的淚光 ,言承旭 、 曾愷玹 、 關穎 、 趙舜 、 陳至愷 、 丁浩 、 章西西 、 劉瑞琪
2009年,1月28日,台視,23, 協奏曲 ,李威 、 劉品言 、 彭于晏 、 吳佩慈 、 白吉勝 、 陳宇凡 、 路嘉欣 、 林道遠 、 陳誼 、 傅雷
2009年,2月15日,中視 八大綜合台,12 13, 愛就宅一起 ,汪東城 、 楊丞琳 、 胡宇崴 、 Linda 、 金勤 、 包偉銘
2009年,2月27日,民視 八大綜合台,53, 終極三國 ,武虎將 、 東城衛·脩 、 陳乃榮 、 曾沛慈 、 蔡宜臻 、 任容萱 、 陳博正 、 強辯樂團 、 修杰楷 、 謝坤達 、 柯有綸 、 蔡函岑 、 那維勳
2009年,3月20日,台視 三立都會台,20, 比賽開始 ,李國毅 、 盧學叡 、 柯佳嬿 、 高蕾雅 、 蔡振南 、 王琄 、 林亞霖
2009年,4月11日,公視 TVBS歡樂台,24, 痞子英雄 ,周渝民 、 趙又廷 、 張鈞甯 、 陳意涵 、 秦沛 、 修杰楷 、 隋棠 、 王傳一 那維勳 、 趙樹海 、 湯志偉 、 乾德門
2009年,4月12日,華視 八大綜合台,13, 敲敲愛上你 ,郭品超 、 明道 、 吳亞馨 、 蔣怡 、 李小璐 、 馮媛甄 、 周曉涵 、 張晨光 、 柏栩栩
2009年,5月18日,客家電視台 八大戲劇台,20, 月滿水沙漣 ,梅芳 、 溫吉興 、 黃采儀 、 徐灝翔 、 張書偉 、 亞里 、 郎祖筠 、 張雁名
2009年,6月7日,台視 三立都會台,17, 福氣又安康 ,陳喬恩 、 藍正龍 、 邱澤 、 王怡仁 、 陳咨憲 、 董至成 、 修杰楷 、 丁強 、 王琄
2009年,7月4日,公視 TVBS歡樂台,20, 熱血青春 ,陸廷威 、 傅小芸 、 李至正 、 周詠軒 、 古斌 、 萱野可芬 、 黃文炫 、 陳思璇
2009年,7月12日,華視 八大綜合台,13, 紫玫瑰 ,黃騰浩 、 梁文音 、 黃柏鈞 、 許瑋甯 、 許亮宇 、 柯淑勤 、 王中平 、 吳玟萱
2009年,8月7日,台視 三立都會台,21, 那一年的幸福時光 ,溫昇豪 、 郭采潔 、 楊一展 、 隋棠 、 吳念真 、 黃韻玲 、 蔡振南 、 林美秀 、 林孟瑾 、 范筱梵 、 羅北安
2009年,10月4日,台視 三立都會台,21, 下一站，幸福 ,吳建豪 、 安以軒 、 許瑋甯 、 吳慷仁 、 溫玄燁
2009年,10月7日 12月19日,客家電視台 公視,20, 流漂子 ,范植偉 、 黃玉榮 、 林健輝 、 夏于喬 、 胡盈禎 、 羅時豐 、 徐樂眉 、 鍾欣怡
2009年,10月18日,中視 八大綜合台,13, 桃花小妹 ,汪東城 、 辰亦儒 、 王心凌 、 朱孝天 、 商浩翔 、 唐禹哲 、 張勛傑 、 王心如 、 李佳穎 、 陳庭妮 、 禾密 、 幃幃
2009年,11月1日,華視 八大綜合台,14, 海派甜心 ,羅志祥 、 楊丞琳 、 李威 、 吳亞馨 、 邵庭 、 方芳 、 向語潔
2010年,1月8日 1月9日,台視 三立都會台,20, 第二回合我愛你 ,宥勝 、 陳怡蓉 、 樊光耀 、 阿西 、 柯叔元 、 馬念先 、 宋新妮 、 林美秀 、 胡盈禎 、 汪建民
2010年,1月27日,HiHD 中視,20, 藍海1加1 ,卓文萱 、 立威廉 、 何姵蓓 、 金沛晟 、 顧寶明 、 葉民志 、 詹惟中 、 王心宜
2010年,1月31日 2月7日,中視 八大綜合台,16, 就想賴著妳 ,言承旭 、 Ella 、 小嫻 、 張勛傑 、 顧寶明 、 小小彬 、 紀欣伶 、 陳紫函 、 周曉涵
2010年,1月31日 2月6日,華視 TVBS歡樂台,14, 星光下的童話 ,陳楚河 、 賴雅妍 、 李國毅 、 田中千繪 、 羅北安 、 張沁妍 、 吳忠明 、 劉亮佐 、 趙樹海 、 黃一飛
2010年,2月5日 8月18日,華視 中天娛樂台,20 31, 熊貓人 ,周杰倫 、 詹宇豪 、 宋健彰 、 江語晨 、 唐嫣 、 王晶  、 郭堯中 、 田京泉 、 李國修 、 浪花兄弟 、 劉畊宏 、 九孔
2010年,2月28日 3月6日,台視 三立都會台,21, 偷心大聖PS男 ,藍正龍 、 隋棠 、 溫昇豪 、 白歆惠 、 小小彬 、 張兆志 、 鍾欣凌 、 陳為民 、 宥勝 、 陳博正
2010年,5月1日,公視,5, 搖滾保母 ,魏如昀 、 呂雪鳳 、 吳兆絃 、 錢威達 、 楊文文 、 馬幼興
2010年,5月15日,公視,6, 那年，雨不停國 ,簡嫚書 、 張書豪 、 張捷 、 柯淑勤 、 吳朋奉 、 謝瓊煖 、 蘇炳憲
2010年,5月16日 5月22日,華視 八大綜合台,15, 呼叫大明星 ,蔡卓妍 、 賀軍翔 、 陳至愷 、 周采詩
2010年,5月30日 6月6日,民視 八大綜合台,14, 泡沫之夏 ,徐熙媛 、 黃曉明 、 何潤東 、 吳亞馨 、 林嘉綺 、 蔣怡 、 沈建宏 、 房思瑜 、 張國柱 、 柯奐如 、 劉書婷 、 楊瀚
2010年,5月30日 6月5日,中視 TVBS歡樂台,11 13, 就是要香戀 ,范植偉 、 曾愷玹 、 王傳一 、 許瑋甯 、 李立群 、 郝劭文 、 高捷 、 劉瑞琪
2010年,6月4日 6月5日,台視 三立都會台,21, 倪亞達 ,楊祐寧 、 李佳穎 、 曾寶儀 、 梁智瑜 、 瑤瑤
2010年,7月2日,民視,43, 新兵日記 ,李興文 、 姚元浩 、 劉香慈 、 阿龐 、 趙駿亞 、 傅子純 、 陳德烈 、 唐豐 、 林道遠 、 夏政峰 、 錢君仲 、 潘柏希 、 浩角翔起 、 黃荻鈞 、 艾成 、 阿竿 、 陳柏翰 、 林若亞
2010年,7月3日,東森幼幼台,13, 萌學園之萌騎士傳奇 ,博焱 、 曾子余 、 李昂霖 、 寒 、 五熊 、 林奕勳 、 黃以安 、 李岳 、 蝴蝶 、 顏嘉樂 、 球兒 、 香蕉 、 夏靖庭 、 翁子麒
2010年,7月16日,華視 HiHD 東森綜合台,15, 我的排隊情人 ,高以翔 、 陳庭妮 、 藍鈞天 、 宋紀妍
2010年,7月25日 7月31日,台視 三立都會台,19, 鍾無艷 ,楊謹華 、 明道 、 吳慷仁 、 王思平
2010年,8月22日 8月28日,華視 八大綜合台,15, 愛∞無限 ,潘瑋柏 、 張榕容 、 林佑威 、 住谷念美 、 王夢麟 、 趙樹海 、 黃鐙輝
2010年,9月19日,中視,15, 女王不下班 ,張棟梁 、 修杰楷 、 李康宜 、 王心如 、 路嘉欣 、 劉紓妤 、 路斯明 、 賴琳恩 、 陳乃榮 、 張兆志 、 陳勢安 、 Junior
2010年,10月9日,公視,20, 死神少女 ,炎亞綸 、 房思瑜 、 王子 、 毛弟 、 阿本 、 AK 、 范筱梵 、 周賢忠 、 鴨子 、 是元介 、 敖犬 、 野獸 、 五熊 、 高捷 、 小蠻
2010年,11月5日 11月6日,台視 三立都會台,23, 犀利人妻 ,隋棠 、 溫昇豪 、 朱芯儀 、 宥勝
2010年,12月3日,中視,12, 流氓校長 ,曾之喬 、 黃鴻升 、 吳孟達 、 李㼈 、 王夢麟 、 申東靖 、 祝釩剛 、 張本渝 、 王予柔 、 楊少文 、 太保  、 蔡閨
2010年,12月5日 12月11日,台視 三立都會台,19, 國民英雄 ,鄭元暢 、 郭采潔 、 周采詩 、 李至正
2010年,12月18日,公視,5, 他們在畢業的前一天爆炸 ,黃遠 、 張家瑜 、 巫建和 、 紀培慧 、 廖逸凡 、 高晨育 、 洪群鈞 、 單承矩 、 高英軒
2010年,12月18日,東森幼幼台,13, 萌學園2聖戰再起 ,博焱 、 曾子余 、 李昂霖 、 寒 、 五熊 、 林奕勳 、 阿本 、 草莓 、 胡曉芳
2010年,12月19日 12月25日,民視 八大綜合台,13, 愛似百匯 ,喻虹淵 、 炎亞綸 、 辰亦儒 、 脩 、 王心如 、 幃幃 、 梁又琳 、 王彩樺
2011年,2月13日,中視,16, 幸福最晴天 ,賀軍翔 、 張鈞甯 、 李易峰 、 李金銘 、 周子涵 、 李智楠
2011年,3月8日,客家電視台,20, 雲頂天很藍 ,瑤涵沂 、 張書偉 、 古斌 、 唐川 、 莫愛芳 、 于台煙 、 童毅軍 、 賴盈瑩
2011年,3月20日,民視,13, 愛讓我們在一起 ,趙駿亞 、 葉家妤 、 張家慧 、 周孝安
2011年,4月10日,華視,25, 飛行少年 ,王少偉 、 曾沛慈 、 Linda 、 宥勝
2011年,4月17日 4月23日,台視 三立都會台,18, 醉後決定愛上你 ,楊丞琳 、 張孝全 、 王傳一 、 黃鴻升 、 白梓軒 、 許瑋甯
2011年,4月22日 4月30日,台視 年代MUCH台,13, 我的完美男人 ,楊一展 、 天心 、 楊千霈 、 路斯明
2011年,4月22日,民視,22, 新兵日記之特戰英雄 ,劉香慈 、 阿龐 、 趙駿亞 、 胡宇崴 、 林道遠 、 夏政峰 、 錢君仲 、 張世賢 、 小薰 、 葉瑋庭 、 樓庭岑 、 江晨希
2011年,4月27日,中天娛樂台,30, 戀戀阿里山 ,黃少祺 、 曾愷玹 、 天心 、 梁正群 、 范筱梵
2011年,6月5日 6月11日,中視 八大綜合台,13, 美樂。加油 ,賀軍翔 、 王心凌 、 施易男 、 張善為 、 張家寧 、 小薰 、 小小彬
2011年,6月17日 6月18日,華視 壹綜合,22, 拜金女王 ,吳建豪 、 熊黛林 、 江語晨 、 陳曉東 、 陳庭妮 、 張懷秋
2011年,6月19日 6月25日,民視 八大綜合台,13, 旋風管家 ,胡宇崴 、 朴信惠 、 李毓芬 、 邵翔 、 班傑 、 寺唯宏正
2011年,7月11日,中視,21, 我和我的兄弟·恩 ,東于哲 、 鬼鬼 、 陳淑芳 、 胡宇崴 、 周曉涵 、 鄒承恩 、 鍾欣怡
2011年,7月11日 7月29日,HiHD頻道 中視 壹電視綜合台,20 11, 珍愛林北 ,黃鴻升 、 陳妍希 、 丁春誠 、 JR 、 任容萱 、 豬哥亮 、 薛仕凌
2011年,8月4日 8月14日,台視 八大綜合台,14, 陽光天使 ,楊丞琳 、 吳尊 、 張峻寧 、 劉梓妍
2011年,8月16日,中視,23, 男女生了沒 ,卓文萱 、 張勛傑 、 王怡仁 、 吳中天 、 Gino 、 苑新雨 、 苗可麗 、 艾偉 、 歡歡
2011年,8月21日 8月27日,台視 三立都會台,25, 小資女孩向前衝 ,邱澤 、 柯佳嬿 、 溫昇豪 、 李毓芬 、 李沛旭 、 蔡淑臻 、 郭書瑤
2011年,9月4日 9月9日,中視 超視,10 13, 料理情人夢 ,吳克羣 、 李佳穎 、 鬼鬼 、 鳳小岳 、 王予柔 、 李運慶 、 王家梁
2011年,9月9日,龍華影劇台,30, 幸福一定強 ,明道 、 李易峰 、 陳庭妮 、 牛萌萌
2011年,9月16日 9月18日,台視 三立都會台,15, 勇士們 ,寇世勳 、 馬之秦 、 吳中天 、 白歆惠 、  李國毅 、 陳德烈 、 林若亞 、 寇家瑞 、  初家晴 、 張雁名 、 余函彌 、 楊銘威
2011年,9月17日,東森幼幼台 東森綜合台,26, 萌學園3魔法號令 ,蔡芷紜 、 蔡頤榛 、 阿本  、 利昂霖 、 蝴蝶姐姐 、 劉書宏
2011年,9月17日 9月25日,公視 八大綜合台,20, 愛在桐花紛飛時 ,修杰楷 、 許慧欣 、 梁正群 、 梁瀞文
2011年,9月18日 9月24日,民視 八大綜合台,13, 我可能不會愛你 ,林依晨 、 陳柏霖 、 王陽明 、 陳匡怡
2011年,9月21日,台視,40, 田庄英雄 ,吳慷仁 、 蔡振南 、 孫協志 、 趙小僑 、 吳佳珊 、 黃仲崑 、 尤人立 、 李博翔 、 民雄 、 魏蔓
2011年,9月23日,民視,235, 廉政英雄 ,張銘傑 、 Gino 、張凱鈞
2011年,9月27日 10月1日,中視 中天綜合台,18 13, 記得·我們有約 ,朱孝天 、 陳妍希 、 吳中天 、 張復健 、 艾偉 、 吳亞馨 、 葛蕾 、 柯素雲 、 況明潔 、 高捷
2011年,9月29日,HiHD頻道,21, 單數絕配 ,高以翔 、 曾愷玹 、 吳亞馨 、 陳至愷
2011年,10月2日 10月8日,華視 東森綜合台,15, 真心請按兩次鈴 ,何潤東 、 張鈞甯 、 修杰楷 、 房思瑜 、 鄧筠庭 、 曾珮瑜 、 林美秀 、 鍾欣凌 、 宋新妮 、 張克帆
2011年,10月28日 10月30日,中視   壹綜合,17 25, 真的漢子 ,賴雅妍 、 林佑威 、 路斯明 、 王傳一 、 王道 、 韓宜邦 、 林可彤
2011年,10月28日,三立台灣台,22, 愛。回來 ,六月 、 龍劭華 、 張睿家 、 林鴻翔 、 亮哲 、 嚴藝文 、 林玟誼
2011年,10月31日 11月13日,HiHD頻道 中視,20 17, 門當父不對 ,馬如龍 、 沛小嵐 、 高明 、 曾之喬 、 淩瀟肅 、 阿布
2011年,12月13日,三立都會台 東森綜合台,84, 真愛找麻煩 ,宥勝 、 陳庭妮 、 洪小鈴 、 李至正 、 謝坤達 、 郭雪芙 、 王思平
2011年,12月18日 12月24日,民視 八大綜合台,15, 華麗的挑戰 ,陳意涵 、 東海 、 始源 、 白歆惠
2011年,12月30日 2012年1月7日,台視 年代MUCH台,14, 前男友 ,楊祐寧 、 李千娜 、 廖苡喬 、 黃志瑋
2012年,1月27日,華視 HiHD頻道,15 30, 溫柔的慈悲 ,胡安安 、 黃騰浩 、 李佳穎 、 黃湘怡 、 張明明 、 謝聞軒 、 梁家榕 、 龍劭華
2012年,1月29日 2月4日,華視 東森綜合台,16, 粉愛粉愛你 ,李佳穎 、 藍正龍 、 周湯豪 、 白梓軒 、 邱翊橙 、 林逸欣
2012年,2月6日,迪士尼頻道,42, 課間好時光一年二班 ,范少勳 、 陳語安 、 方志友 、 楊駿文 、 安琪 、 張筱蘭 、 蕭志瑋 、 劉國劭
2012年,2月19日 2月25日 2月26日,台視 三立都會台 東森戲劇台,22, 向前走向愛走 ,郭采潔 、 陳怡蓉 、 楊祐寧 、 楊一展
2012年,2月24日 3月3日,中視 衛視中文台,16, 翻糖花園 ,朴政珉 、 簡嫚書 、 王傳一 、 李相林
2012年,3月18日,中視,14, 幸福三顆星 ,藍正龍 、 楊謹華 、 諸葛紫岐 、 李易峰 、 穎兒 、 吳建飛 、 李金銘 、 李智楠
2012年,4月6日 4月14日,台視 年代MUCH台,15, 半熟戀人 ,路斯明 、 蔡淑臻 、 Darren 、 李維維
2012年,4月6日,三立台灣台,21, 雨夜花 ,黃品源 、 張本渝 、 吳婉君 、 孫淑媚 、 林昕陽 、 王凱
2012年,4月8日 4月14日,民視 八大綜合台,13, 絕對達令 ,汪東城 、 具惠善 、 謝坤達 、 那維勳
2012年,4月10日,三立都會台 東森綜合台,80, 愛上巧克力 ,吳建豪 、 曾之喬 、 張勛傑 、 邱勝翊 、 郭書瑤 、 竇智孔 、 賴琳恩
2012年,4月30日,客家電視台,20, 飆！企鵝里德 ,朱陸豪 、 莊凱勛 、 朱蕾安 、 祝釩剛 、 吳政迪
2012年,5月12日,公視,8, 小孩大人 ,李威 、 李康宜 、 黃騰浩 、 姚采穎 、 駱炫銘 、 潘柏希
2012年,5月20日 5月26日,華視 八大綜合台,15, 給愛麗絲的奇蹟 ,炎亞綸 、 修杰楷 、 梁心頤 、 周采詩 、 楊貴媚
2012年,6月9日 6月16日,公視 八大戲劇台,19, 你是春風我是雨 ,楊一展 、 曾少宗 、 簡嫚書 、 錢柏渝 、 蔡振南 、 柯一正 、 茂伯 、 席曼寧
2012年,6月15日 6月17日,中視 八大綜合台,20, 智勝鮮師 ,曾國城 、 葉民志 、 郭昱晴 、 杜詩梅 、 劉以豪 、 李宗霖 、 邵雨薇 、 陳語安
2012年,6月23日,客家電視台,28, 木蘭花 ,加藤侑紀 、 蕭薔 、 吳辰君 、 姚采穎 、 柏原收史 、 周群達 、 蕭淑慎 、 姚元浩
2012年,6月24日,中視,15, 愛啊哎呀，我願意 ,郭品超 、 陳怡蓉 、 宋珉宇 、 徐越 、 熱依扎
2012年,6月27日,三立都會台 東森綜合台,90, 我們發財了 ,溫昇豪 、 天心 、 柯佳嬿 、 李千娜 、 坤達 、 高宇蓁 、 李沛旭 、 小煜
2012年,7月8日 7月14日,民視 八大綜合台,14, 原來愛·就是甜蜜 ,王陽明 、 楊謹華 、 喻虹淵 、 吳中天 、 馬念先 、 范筱梵 、 梅芳 、 余函彌
2012年,7月20日,台視,16, 花是愛 ,周幼婷 、 吳慷仁 、 周群達 、 夏于喬 、 陳勢安
2012年,7月22日 7月28日 8月5日,台視 三立都會台 東森戲劇台,23, 螺絲小姐要出嫁 ,邱澤 、 賴雅妍 、 趙駿亞 、 李毓芬 、 郭雪芙 、 許騰方
2012年,7月31日,三立都會台 東森綜合台,82, 剩女保鏢 ,黃鴻升 、 孟耿如 、 李仁 、 袁艾菲
2012年,8月11日,東森幼幼台,30, 萌學園4時空戰役 ,李昂霖 、 阿本 、 林奕勳 、 劉書宏 、 蝴蝶
2012年,8月11日 8月25日,MTV 三立都會台,10, PM10-AM03 ,小煜 、 王思平 、 張景嵐 、 魏蔓 、 劉容嘉
2012年,8月28日 10月20日,HiHD頻道 公視,20, 歌謠風華-初聲 ,黃騰浩 、 周幼婷 、 張善為 、 林雨宣 、 吳定謙
2012年,8月31日,三立台灣台,30, 阿爸的願望 ,廖峻 、 應采靈 、 黃文星 、 曾莞婷 、 吳申梅
2012年,10月1日,台視,20, 陽光正藍 ,梁赫群 、 白歆惠 、 趙駿亞
2012年,10月14日 10月20日,中視 中天綜合台,18, 白色之戀 ,鳳小岳 、 謝欣穎 、 丁春誠 、 喻虹淵
2012年,10月15日,HiHD頻道,26, 愛情來了，請打卡 ,六月 、 紀亞文 、 李運慶 、 王家梁 、 方志友 、 陶傳正 、 張靜之
2012年,10月31日,三立都會台 東森綜合台,72, 真愛趁現在 ,陳庭妮 、 胡宇崴 、 竇智孔 、 魏蔓 、 李維維 、 懷秋
2012年,10月31日,中視,30, 戀夏38℃ ,吳映潔 、 胡宇崴 、 茂伯 、 是元介 、 王睿 、 苑新雨
2012年,11月8日 11月9日 11月9日,台視 三立都會台 東森綜合台,16, 我租了一個情人 ,宥勝 、 許瑋甯 、 柯有倫 、 李康宜 、 小薰 、 陳德烈
2012年,11月9日,中視,17, 認命吧！金牽牛 ,彭于晏 、 張檬 、 葉熙祺 、 韓立 、 馮媛甄 、 張世
2012年,11月16日 11月18日,台視 八大綜合台,16, 罪美麗 ,莫子儀 、 王識賢 、 林辰唏 、 潘儀君
2012年,11月19日,迪士尼頻道,32, 課間好時光一年二班第二季 ,范少勳 、 陳語安 、 方志友 、 楊駿文 、 安琪 、 張筱蘭 、 蕭志瑋 、 劉國劭 、 王子
2012年,11月26日,台視,40, 東華春理髮廳 ,劉至翰 、 六月 、 曾少宗 、 楊雅筑
2012年,11月27日,三立都會台 東森綜合台,67, 愛情女僕 ,張棟梁 、 喻虹淵 、 蔡淑臻 、 梁正群 、 王凱蒂
2012年,12月18日,客家電視台,20, 黃金稻浪 ,鄧志鴻 、 王少偉 、 古斌 、 巫宗翰 、 徐麗雯 、 黃毓玲 、 溫吉興
2012年,12月26日,八大綜合台,30, 終極一班2 ,汪東城 、 曾沛慈 、 明傑 、 子閎 、 黃仁德 、 文雨非 、 那維勳
2012年,12月31日,壹電視綜合台,47, 小站 ,田中千繪 、 徐詣帆 、 高英軒 、 那維勳
2013年,1月1日,壹綜合,30, 摩登新人類 ,胡歌 、 陳意涵 、 陳柏霖 、 馬思純
2013年,1月6日 1月12日 1月13日,台視 三立都會台 東森戲劇台,21, 金大花的華麗冒險 ,溫昇豪 、 謝欣穎 、 吳慷仁 、 郭書瑤 、 MC40 、 賴琳恩
2013年,1月27日 2月2日,民視 八大綜合台,14, 美人龍湯 ,大元 、 賀軍翔 、 佐藤麻衣 、 陳乃榮
2013年,2月1日 2月16日,公視HD 公視,6, 城市·獵人 ,林慶台 、 尹馨 、 夏禕 、 徐貴櫻
2013年,2月24日 3月1日,華視 衛視中文台,13, K歌·情人·夢 ,范逸臣 、 許慧欣 、 豆花妹 、 張棟梁
2013年,2月28日 3月1日 3月1日,台視 三立都會台 東森綜合台,16, 大紅帽與小野狼 ,楊謹華 、 姚元浩 、 黃騰浩 、 林孟瑾
2013年,3月2日,壹綜合,14, 惡男日記 ,張書豪 、 王思平 、 JR 、 米可白 、 懷秋 、 李相林
2013年,3月3日 3月9日,中視 中天綜合台,14, 借用一下你的愛 ,朱芯儀 、 郭品超 、 施易男 、 夏如芝
2013年,3月6日,三立都會台 東森綜合台,68, 美味的想念 ,李千娜 、 張勛傑 、 是元介 、 茵芙 、 唐禹哲 、 宋紀妍
2013年,3月8日 5月31日,台視 衛視中文台,15, 遇見幸福300天 ,王傳一 、 陳怡蓉 、 坤達 、 莊凱勛 、 葛蕾
2013年,3月8日 3月9日,中視 TVBS歡樂台,20, 求愛365 ,曾之喬 、 張睿家 、 戴君竹 、 路斯明 、 黃心娣 、 黃志瑋 、 賴琳恩 、 金沛晟
2013年,3月26日,TVBS歡樂台,30, 姐姐立正向前走 ,汪東城 、 林心如 、 林更新 、 吳亞馨 、 張倫碩
2013年,3月26日,三立都會台 東森綜合台,73, 兩個爸爸 ,楊一展 、 林佑威 、 賴雅妍 、 梁靖 、 樂樂 、 周曉涵 、 張天霖 、 廖峻 、 張國柱 、 程秀瑛
2013年,4月8日 10月15日,壹綜合 台視,40, 幸福蒲公英 ,唐禹哲 、 曾愷玹 、 邵翔 、 賴琳恩 、 陳乃榮 、 祝釩剛 、 李佳豫
2013年,4月29日,客家電視台,20, 阿婆的夏令營 ,丁也恬 、 李運慶 、 陳昱丞 、 戴君竹
2013年,5月12日 5月18日,民視 八大綜合台,13, 原來是美男 ,汪東城 、 程予希 、 蔡旻佑 、 黃仁德
2013年,5月25日 5月31日 5月31日,公視 公視HD 星衛娛樂台,14, 沒有名字的甜點店 ,張榕容 、 劉以豪 、 修杰楷 、 黃荻鈞
2013年,6月9日,華視,13, 我愛幸運七 ,辰亦儒 、 蔡黃汝 、 李相林 、 趙駿亞
2013年,6月9日 6月15日,中視 中天綜合台,13, 愛情急整室 ,陳曉東 、 簡嫚書 、 李沛旭 、 安心亞
2013年,6月9日 6月15日 6月16日,台視 三立都會台 東森戲劇台,21, 真愛黑白配 ,胡宇威 、 陳庭妮 、 陶妍霖 、 李運慶
2013年,6月21日 6月22日,三立都會台 東森綜合台,21, 就是要你愛上我 ,炎亞綸 、 郭雪芙 、 唐振剛 、 王凱蒂
2013年,6月28日 6月30日,台視 八大綜合台,15, 親愛的，我愛上別人了 ,天心 、 李銘順 、 林逸欣 、 邱凱偉
2013年,6月29日,東森幼幼台,39, 萌學園5異界對決 ,利昂霖 、 林奕勳 、 阿本 、 蝴蝶姐姐
2013年,7月5日,八大綜合台,20, 終極一班3 ,汪東城 、 曾沛慈 、 SpeXial 、 陳乃榮 、 文雨非
2013年,7月11日,台視,20, 逆光青春 ,陳澤耀 、 黃姵嘉 、 翁馨儀 、 惟毅
2013年,7月20日,中天綜合台,40, PMAM ,修杰楷 、 周定緯 、 張兆志 、 大飛 、 張景嵐 、 方志友 、 夏語心 、 謝依霖
2013年,7月23日,三立都會台 東森綜合台,70, 幸福選擇題 ,謝坤達 、 王心凌 、 修杰楷 、 楊千霈
2013年,7月26日 7月27日,中視 TVBS歡樂台,15, 飛越龍門客棧 ,王陽明 、 陳怡蓉 、 謝佳見 、 柯佳嬿 、 關詩敏
2013年,8月11日 8月17日 8月18日,民視 八大綜合台 龍華偶像台,13, 我愛你愛你愛我 ,劉以豪 、 王樂妍 、 尹崇珍 、 鈴木有樹
2013年,8月23日,中視,22, 蘭陵王 ,馮紹峰 、 林依晨 、 陳曉東 、 胡宇崴 、 毛林林 、 翟天臨
2013年,8月31日 9月6日,公視 公視HD,20, 刺蝟男孩 ,何以奇 、 鍾承翰 、 張庭瑚 、 李佳穎 、 胡桓瑋
2013年,9月8日 9月14日 9月21日,中視 中天綜合台 東森戲劇台,22, 女王的誕生 ,孫耀威 、 楊謹華 、 路斯明 、 蔡淑臻
2013年,9月8日,華視,26, 金牌老爸 ,屈中恆 、 方芳 、 戈偉如 、 陸一龍 、 姚黛瑋 、 黃安琪 、 陳家逵
2013年,9月20日,三立台灣台,23, 孤戀花 ,韓瑜 、 霍正奇 、 伊正 、 高慧君
2013年,10月10日,華視,40, 花非花霧非霧 ,朱鎮模 、 林心如 、 李晟 、 張睿 、 姚元浩 、 萬茜
2013年,10月11日 10月12日,台視 八大綜合台,13, 愛的生存之道 ,隋棠 、 楊祐寧 、 莊凱勛 、 謝沛恩
2013年,10月29日,三立都會台 東森綜合台,72, 有愛一家人 ,宥勝 、 房思瑜 、 周曉涵 、 李運慶
2013年,11月3日 11月9日 11月10日,台視 三立都會台 東森戲劇台,22, 回到愛以前 ,姚元浩 、 魏蔓 、 陳乃榮 、 王思平 、 楊鎮
2013年,11月10日 11月10日 11月16日 11月17日,民視 台灣優視戲劇台 八大綜合台 龍華偶像台,13, 愛情ATM ,丁春誠 、 劉品言 、 鄒承恩 、 小煜 、 房思瑜 、 穆熙妍
2013年,11月15日 11月16日,三立都會台 東森綜合台,26, 我的自由年代 ,李國毅 、 任容萱 、 是元介 、 翁滋蔓 、 孫其君
2013年,11月15日 11月16日,中視 TVBS歡樂台,15, 媽，親一下！ ,柯有倫 、 梁正群 、 蔡旻佑 、 夏于喬
2013年,11月19日 11月19日 11月23日,台視 壹綜合 年代MUCH台,40, 結婚好嗎？ ,修杰楷 、 天心 、 邵翔 、 安唯綾
2013年,11月25日,衛視中文台,25, 幸福街第3號出口 ,竇智孔 、 李維維 、 姚元浩 、 石天琦
2014年,1月10日 1月11日,台視 八大綜合台,15, 流氓蛋糕店 ,藍正龍 、 長澤雅美 、 馬如龍
2014年,1月28日,台視 壹綜合 年代MUCH台,30, 神仙·老師·狗 ,楊一展 、 樊光耀 、 王樂妍 、 李佳豫
2014年,2月9日 2月22日 2月14日,民視 東森戲劇台 龍華偶像台,16, 真愛配方 ,敖犬 、 周湯豪 、 林逸欣 、 魏蔓
2014年,2月11日,三立都會台 東森綜合台,76, 女人30情定水舞間 ,Darren 、 李維維 、 唐禹哲 、 小薰 、 洪小鈴 、 張翰
2014年,2月17日,客家電視台,20, 在河左岸 ,嚴藝文 、 王耿豪 、 徐麗雯 、 謝瓊煖 、 林嘉俐 、 傅小芸 、 李辰翔 、 黃仲崑 、 王鏡冠 、 范時軒
2014年,3月7日,三立台灣台,23, 熱海戀歌 ,李仁 、 李千娜 、 平岡祐太 、 陸明君
2014年,3月10日 3月29日,公視HD台 公視,6, 幸福返鄉30+ ,潘慧如 、 楊子儀 、 吳定謙 、 喜翔 、 向娃 、 屈尹絜
2014年,3月16日 3月22日,華視 TVBS歡樂台,16, A咖的路 ,吳慷仁 、 夏于喬 、 李政穎 、 雷瑟琳
2014年,3月19日 4月19日,公視HD台 公視,6, 白袍下的高跟鞋 ,黃騰浩 、 賴雅妍 、 路斯明
2014年,4月6日 4月12日 4月13日,台視 三立都會台 東森戲劇台,20, 愛上兩個我 ,炎亞綸 、 李毓芬 、 李運慶 、 高英軒 、 方志友
2014年,4月9日,客家電視台,20, 三隻小蟲 ,黃書維 、 李英宏 、 鍾政均 、 王湘涵 、 王淯
2014年,4月18日 4月19日 5月17日,華視 龍華偶像台 TVBS歡樂台,25, 巷弄裡的那家書店 ,李威 、 謝欣穎 、 黃鴻升 、 王樂妍 、 李依瑾 、 周采詩 、 張翰
2014年,4月25日 4月26日,台視 八大綜合台,14, 威廉王子 ,坤達 、 陳匡怡 、 鄒承恩 、 安唯綾 、 許騰方
2014年,5月23日 5月24日,三立都會台 東森綜合台,22, 喜歡·一個人 ,劉以豪 、 郭雪芙 、 賴琳恩 、 簡宏霖
2014年,5月28日,三立都會台 東森綜合台,70, 媽咪的男朋友 ,楊謹華 、 陳乃榮 、 王傳一 、 孫其君 、 陶嫚曼
2014年,6月1日 6月6日 6月8日,民視 八大綜合台 龍華偶像台,20, 你照亮我星球 ,鄭元暢 、 張鈞甯 、 孟耿如 、 邱昊奇
2014年,6月15日 6月21日,中視 中天娛樂台,16, 勇敢說出我愛你 ,賀軍翔 、 柯佳嬿 、 吳若瑄
2014年,6月23日 6月24日,八大綜合台 中視,40, 終極X宿舍 ,藍心湄 、 寒 、 汪東城 偉晉 、 宏正 、 黃小柔 、 明傑 、 那維勳 、 陳博正 、 張皓明 、 王詩安 、 謝和弦 、 脩 曾沛慈
2014年,7月19日 12月15日,公視 TVBS歡樂台 龍華偶像台,16, 16個夏天 ,林心如 、 楊一展 、 許瑋甯 、 謝佳見 、 鄒承恩
2014年,8月8日 8月9日,台視 八大綜合台,13, 妹妹 ,藍正龍 、 安心亞 、 莫允雯 、 安哲
2014年,8月9日,東森幼幼台,20, 萌學園六復活之戰 ,李昂霖 、 林奕勳 、 劉書宏 、 阿本 、 蔡孟穎
2014年,8月15日,三立台灣台,25, 阿母 ,方文琳 、 黃文星 、 王宇婕 、 孫淑媚 、 高盟傑
2014年,8月23日 8月24日,中視 八大綜合台,14, 上流俗女 ,安以軒 、 賀軍翔 、 信 、 弦子 、 付辛博
2014年,8月24日 8月30日 8月31日,台視 三立都會台 東森戲劇台,20, 再說一次我願意 ,林佑威 、 魏蔓 、 張勛傑 、 李維維
2014年,9月3日 12月15日,三立都會台 東森綜合台 龍華偶像台,74, 幸福兌換券 ,胡宇威 、 袁艾菲 、 謝坤達 、 是元介 、 翁滋蔓 、 趙傑 、 張本渝
2014年,10月5日 10月11日 10月12日,中視 中天娛樂台 龍華偶像台,13, 謊言遊戲 ,吳慷仁 、 Ella 、 柯宇綸 、 李維維
2014年,10月13日 10月22日,客家電視台 宏觀電視,20, 新丁花開 ,朱芷瑩 、 藍葦華 、 高尹辰 、 許亞琦 、 施名帥 、 柯奐如 、 巫宗翰 、 洪綺陽 、 陳家逵
2014年,10月24日 10月25日,三立都會台 東森綜合台,20, 22K夢想高飛 ,宥勝 、 孟耿如 、 李國毅 、 郭書瑤 、 程予希 、 黃薇渟
2014年,11月7日 11月8日,台視 八大綜合台,20, 徵婚啟事 ,隋棠 、 李銘順 、 郭書瑤 、 黃志瑋 、 張少懷 、 鍾承翰
2014年,11月22日,八大綜合台,26, 終極惡女 ,晨翔 、 文雨非 、 Teddy 、 宇宙 、 Lucia 、 雨婷 、 艾莉兒 、 Sunnee 、 宏正 、 偉晉 、 脩 、 曾沛慈 、 程予希 、 巴鈺 、 那維勳
2014年,12月6日,中視 TVBS歡樂台,15, 俏摩女搶頭婚 ,陳庭妮 、 黃河 、 謝佳見 、 雷瑟琳 、 楊晴 、 高山峰
2014年,12月7日,八大綜合台,20, 愛情闖進門 ,宋茜 、 辰亦儒 、 周覓 、 邵翔
2014年,12月16日 4月20日 4月29日,三立都會台 東森綜合台 超視 龍華偶像台,84, 我的寶貝四千金 ,洪小鈴 、 修杰楷 、 曾之喬 、 謝佳見 、 小薰 、 周群達 、 方志友 、 李運慶
2015年,1月4日 1月10日 1月11日,中視 中天綜合台 龍華偶像台,13, 鋼鐵之心 ,柯有倫 、 袁艾菲 、 Darren 、 陳匡怡 、 阿緯 、 昆凌
2015年,1月11日 1月17日 6月26日,台視 三立都會台 龍華偶像台,20, 聽見幸福 ,王傳一 、 任容萱 、 邵翔 、 雷瑟琳 、 威廉
2015年,1月16日 1月17日,台視 八大綜合台,15, 新世界 ,張庭瑚 、 楊可涵 、 潘柏希 、 蔡黃汝
2015年,2月6日 2月7日,三立台灣台 八大第一台,22, 珍珠人生 ,楊可涵 、 陳冠霖 、 紀寶如 、 龍劭華 、 湯志偉 、 陳志強 、 林乃華 、 李亮瑾
2015年,2月8日 2月8日 2月15日,民視 WIN戲劇台 龍華偶像台,10, 星座愛情牡羊女 ,Janet 、 修杰楷 、 王樂妍 、 李沛旭
2015年,3月20日 3月21日,三立都會台 東森綜合台,19, 莫非，這就是愛情 ,唐禹哲 、 李佳穎 、 簡宏霖 、 王思平
2015年,3月24日 4月4日,公視HD台 公視,6, 我的15分鐘 ,蕭閎仁 、 洪聆翔 、 楊可涵 、 謝翔雅 、 李程彬
2015年,3月30日 3月30日 3月31日 4月9日,客家電視台 中視HD台 公視主頻 公視HD台,20, 出境事務所 ,吳慷仁 、 黃姵嘉 、 林雨宣 、 郭鑫
2015年,4月5日 4月11日,中視 中天綜合台,28, 超級大英雄 ,汪東城 、 謝欣穎 、 任容萱 、 胡洋 、 謝孟偉
2015年,4月10日,中視,13, 鑑識英雄 ,王識賢 、 周孝安 、 蔡淑臻 、 蔡黃汝
2015年,4月14日,三立都會台 東森綜合台,72, 好想談戀愛 ,竇智孔 、 黃姵嘉 、 陳乃榮 、 李維維 、 房思瑜 、 王家梁 、 李宗霖 、 黃薇渟
2015年,4月19日 4月19日 4月25日 4月26日,民視 WIN戲劇台 東森綜合台 龍華偶像台,9, 星座愛情獅子女 ,柯佳嬿 、 黃騰浩 、 白梓軒 、 姚以緹
2015年,5月1日 5月2日 9月6日,台視 TVBS歡樂台 龍華偶像台,21, 哇！陳怡君 ,陳怡蓉 、 姚元浩 、 鄒承恩 、 李千娜
2015年,5月2日 6月6日,華視 年代MUCH台,13, 一代新兵之八極少年 ,傅孟柏 、 吳亞馨 、 邱品程 、 陳尚澤 、 楊永維 、 席敬倫 、 范峻銘
2015年,5月4日,LINE TV,13, 迷徒·Claire ,李毓芬 、 修杰楷 、 利晴天 、 陸明君
2015年,5月7日,台視,54, 春梅 ,林予晞 、 Junior 、 Darren 、 楊子儀 、 王思平 、 李沛旭
2015年,5月30日,中視,16, 七個朋友 ,陳奕 、 沈建宏 、 任容萱 、 唐振剛 、 付辛博 、 劉忻 、 傅穎
2015年,5月31日 6月6日,台視 三立都會台,20, 他看她的第2眼 ,劉以豪 、 魏蔓 、 趙杰 、 邵雨薇
2015年,6月6日,公視 衛視中文台,20, 長不大的爸爸 ,張書豪 、 李佳穎 、 陳乃榮 、 謝沛恩
2015年,6月21日 6月21日 6月27日 6月28日,民視 WIN戲劇台 東森綜合台 龍華偶像台,10, 星座愛情雙魚女 ,蔡黃汝 、 謝坤達 、 張睿家 、 林辰唏
2015年,7月4日 7月4日 8月21日,客家電視台 公視HD台 華視,13, 落日 ,朱陸豪 、 單承矩 、 鄧九雲 、 張書偉 、 樓學賢
2015年,7月10日 7月11日,三立台灣台 八大第一台,15, 思慕的人 ,陳怡嘉 、 謝承均 、 李易
2015年,7月19日 7月25日,中視 中天綜合台,15, 失去你的那一天 ,王傳一 、 李千娜 、 莫允雯 、 古斌 、 陳奕 、 路嘉欣
2015年,7月23日,三立都會台 東森綜合台,74, 軍官·情人 ,寇世勳 、 馬之秦 、 劉品言 、 周采詩 、 孫其君
2015年,8月2日,年代MUCH台,8, 一代新兵之八極少年(第二季) ,傅孟柏 、 吳亞馨 、 邱品程 、 陳尚澤 、 楊永維 、 席敬倫 、 范峻銘
2015年,8月7日 8月8日,三立都會台 東森綜合台,22, 料理高校生 ,李國毅 、 林予晞 、 Duncan 、 雷瑟琳
2015年,8月22日 8月23日 9月12日,台視 東森綜合台 龍華偶像台,15, 致，第三者 ,安心亞 、 謝佳見 、 謝沛恩 、 張立昂
2015年,8月29日,衛視中文台,13, 我的鬼基友 ,張睿家 、 劉以豪 、 陳匡怡
2015年,8月30日 8月30日 8月30日 9月6日,民視 民視四季台 WIN戲劇台 龍華偶像台,11, 星座愛情水瓶女 ,夏于喬 、 張棟梁 、 路斯明 、 樓庭岑
2015年,9月9日,八大綜合台,30, 明若曉溪 ,曾沛慈 、 子閎 、 Evan 、 徐開騁 、 曹曦月 、 蔡頤榛
2015年,10月16日 10月17日,台視 TVBS歡樂台,15, 唯一繼承者 ,張睿家 、 宋芸樺 、 楊晴 、 戴祖雄
2015年,10月18日 10月24日,台視 三立都會台,18, 愛上哥們 ,陳楚河 、 賴雅妍 、 畢書盡 、 邵翔 、 陳語安
2015年,11月1日 11月7日 11月21日,中視 東森綜合台 龍華偶像台,15, 必娶女人 ,邱澤 、 柯佳嬿 、 曾之喬 、 張懷秋
2015年,11月4日,三立都會台 東森綜合台,77, 戀愛鄰距離 ,王傳一 、 洪小鈴 、 簡宏霖 、 大元 、 邱昊奇 、 李京恬 、 莫允雯
2015年,11月15日 11月15日 11月22日,民視 WIN戲劇台 龍華偶像台,8, 星座愛情魔羯女 ,朱芯儀 、 謝祖武 、 李至正 、 小蠻
2015年,12月4日,LINE TV,15, 同樂會 ,布魯斯 、 劉奕兒 、 黃姵嘉 、 謝沛恩 、 利晴天 、 陳景煬
2015年,12月6日,原住民族電視台,20, 米高級公寓 ,姜柏任 、 阿爆 、 王鏡冠 、 田聖希 、 凱爾 、 林筱駿
2015年,12月9日 12月12日 12月13日,LINE TV 緯來戲劇台 三立都會台,16, 舞吧舞吧在一起 ,鄒承恩 、 魏如昀 、 黃河 、 楊奇煜 、 唐振剛 、 曾少宗
2015年,12月12日 12月13日,台視 東森綜合台,16, 我的30定律 ,修杰楷 、 夏于喬 、 劉品言 、 古斌
2015年,12月19日,公視,31, 一把青 ,楊一展 、 楊謹華 、 藍鈞天 、 天心 、 吳慷仁 、 連俞涵 、 鍾承翰 、 温貞菱
2015年,12月28日,公視,20, 燦爛時光 ,巫建和 、 姚淳耀 、 傅小芸 、 林柏宏 、 賈佩雅
2015年,,LiTV 線上影視,13, 單身有約 ,唐琪 、 王彩樺 、 趙小僑 、 黎卉淇 、 趙駿亞
2016年,1月10日,民視 WINHD戲劇台,13, 新娘嫁到 ,唐美雲 、 Junior 、 雷洪 、 海倫清桃 、 傅子純 、 張景嵐 、 張瓊姿 、 楊子儀 、 阮氏翠恆 、 吳皓昇 、 楊羽霓
2016年,1月22日 1月23日 2月20日,三立都會台 東森綜合台 LINE TV,21, 1989一念間 ,張立昂 、 邵雨薇 、 蔡黃汝 、 孫沁岳 、 楊鎮 、 張捷
2016年,1月29日 1月30日,台視 TVBS歡樂台,14, 幸福不二家 ,竇智孔 、 大久保麻梨子 、 黃嘉千 、 羅北安
2016年,2月21日 2月22日 2月27日,中視 LINE TV 衛視中文台,20, 聶小倩 ,陳庭妮 、 李銘順 、 莫子儀 、 紀培慧 、 劉松仁 、 周孝安
2016年,2月24日 3月4日,三立都會台 東森綜合台 LINE TV,70, 大人情歌 ,李維維 、 Darren 、 邵翔 、 周采詩 、 孫其君 、 丁巧唯
2016年,3月4日 3月5日,三立台灣台 八大第一台,22, 紫色大稻埕 ,施易男 、 柯佳嬿 、 鄭人碩 、 林玟誼
2016年,3月6日 3月7日 3月12日,台視 LINE TV 三立都會台,17, 後菜鳥的燦爛時代 ,炎亞綸 、 曾之喬 、 賴琳恩 、 李運慶
2016年,3月24日,八大綜合台,40, 我家是戰國 ,謝祖武 、 Melody 、 柯淑勤 、 花花 、 林若亞 、 郭鑫 、 張兆志 、 楊蕎安
2016年,3月28日,Vidol,5, 青春自拍團 ,孫沁岳 、 阿喜 、 李迪恩 、 林珈安
2016年,3月28日,客家電視台,20, 谷風少年 ,游君萍 、 吳政迪 、 林雨宣 、 陳子鈞 、 徐麗雯 、 洪綺陽 、 劉爾金 、 謝宇威 、 溫吉興
2016年,4月9日 4月10日,台視 東森綜合台 LINE TV,15, 我和我的十七歲 ,李國毅 、 謝欣穎 、 王家梁 、 周曉涵 、 鄭茵聲
2016年,4月12日,民視,444, 我的老師叫小賀 ,王樂妍 、 白家綺 、 GINO 、 周孝安 黃荻鈞 、 華千涵 、 馬力歐 、 馬俊麟 錢君仲 、 李博翔 、 邱子芯 、 王上豪 蘇暐淇 、 吳東諺 、 陳芊羽 黃金鴻 、 陳彥佐
2016年,3月29日 4月9日 4月16日,愛奇藝台灣站 公視 東森超視,20, 滾石愛情故事 ,楊丞琳 、 許瑋甯 、 吳慷仁 、 郭書瑤 、 楊祐寧 、 黃鴻升 、 張榕容 、 謝欣穎 、 明道 、 楊謹華 、 郭雪芙 、 李國毅 、 李玉璽 、 曹晏豪 、 柯有倫 、 林柏宏 、 張本渝 、 曾沛慈 、 陳乃榮 、 陳漢典
2016年,4月17日,民視,41, 阿不拉的三個女人 ,柯叔元 、 劉香慈 、 李珞晴 、 王瞳 、 余秉諺 、 方宥心
2016年,4月20日 5月4日,中視 衛視中文台 愛奇藝台灣站 LINE TV,40, 原來1家人 ,藍心湄 、 邱澤 、 郭書瑤 、 謝坤達 、 劉子千 、 楊晴 、 張景嵐
2016年,5月6日 5月7日,台視 TVBS歡樂台,15, 遺憾拼圖 ,楊貴媚 、 謝佳見 、 黃姵嘉 、 懷秋 、 朱芷瑩 、 李易
2016年,6月1日,三立都會台 東森綜合台,60, 我的極品男友 ,林佑威 、 黃騰浩 、 簡宏霖 、 連俞涵 、 林逸欣 、 林可彤
2016年,6月15日 7月5日,中視 中天娛樂台,20, 來自未來的史密特 ,林佑威 、 李毓芬 、 鍾承翰 、 賴琳恩
2016年,6月15日 7月7日,大愛電視台,23, 人生逆轉勝 ,劉銘 、 李淑楨 、 庹宗華 、 柯素雲
2016年,6月18日,公視,20, 今晚，你想點什麼？ ,張瓊姿 、 楊烈 、 孫情 、 林若亞 、 王凱 、 黃瑄 、 方少韋 、 黃荻鈞
2016年,6月20日,華視,30, 火車情人 ,李天柱 、 張書豪 、 孟耿如 、 安唯綾 、 潘慧如 、 張翰
2016年,6月27日,八大綜合台 優酷,60, 終極一班4 ,曾沛慈 、 汪東城 客串 趙志偉 、 宏正 、 偉晉 、 文雨非 、 何海東 、 蔣蕊澤
2016年,7月3日 7月9日,台視 三立都會台,18, 狼王子 ,張軒睿 、 安心亞 、 古斌 、 林明禎 、 陳語安 、 薛仕凌
2016年,7月8日 7月9日,三立都會台 東森綜合台,18, 飛魚高校生 ,王傳一 、 魏蔓 、 張雁名 、 袁詠琳 、 蔡昌憲
2016年,7月8日 8月3日,LINE TV 緯來綜合台,10, 劣人傳之詭計 ,郭書瑤 、 李宗霖 、 陳慕 、 陳映蓁 、 陳芷妧
2016年,7月12日 7月13日,中視 中天娛樂台,66, 美好年代 ,劉奕兒 、 布魯斯 、 安俊朋 、 黃仁德 、 楊銘威
2016年,7月13日,中視,20, 皇恩浩蕩 ,李章宇 、 方安娜 、 陳匡怡 、 敖犬
2016年,7月21日,播吧,13, 我要讓你愛上我 ,林明禎 、 楊奇煜 、 戴祖雄 、 林建予 、 雨婷
2016年,7月21日,Vidol,5, 啟動愛情這件事 ,王詩安 、 林珈安 、 黃甄妮 、 邵翔
2016年,7月30日 7月31日,台視 東森綜合台,16, 必勝練習生 ,柯有倫 、 林予晞 、 安哲 、 方志友 、 張景嵐
2016年,8月1日,華視,38, 海海人生 ,六月 、 張勛傑 、 李沛旭 、 阿本
2016年,8月5日 8月6日,三立台灣台 八大第一台,21, 白鷺鷥的願望 ,連靜雯 、 張靜之 、 Junior 、 趙駿亞
2016年,8月6日,八大第一台,13, 命運交叉路 ,霍正奇 、 莫棠予 、 周明增
2016年,8月18日,KKTV,5, 重新。沒來過 ,張睿家 、 姚以緹 、 喻永翔 、 朱永德 、 黃榕兒
2016年,8月19日 8月20日,台視 八大綜合台,7, 植劇場－戀愛沙塵暴 ,吳慷仁 、 陳妤 、 樊光耀 、 柯淑勤 、 鄧育凱 、 葉星辰
2016年,8月24日,CHOCO TV,6, 我們是歐爸 ,謝祖武 、 宋少卿 、 陳德烈 、 王宇婕 、 李亮瑾
2016年,9月19日,八大綜合台,20, 終極遊俠 ,羅雲熙 、 程硯萩 、 SpeXial-Evan 、 程予希
2016年,10月1日 1月21日,愛奇藝台灣站 衛視電影台,10, CODE浮士德遊戲 ,吳慷仁 、 謝沛恩 、 張翰
2016年,10月7日 10月8日,台視 八大綜合台,6, 植劇場－荼蘼 ,楊丞琳 、 顏毓麟 、 路斯明 、 張復健 、 陳季霞 、 謝盈萱
2016年,10月11日,中視 中天娛樂台,55, 多桑の純萃年代 ,石峰 、 尹昭德 、 陳霆 、 李運慶 、 連靜雯 、 小薰 、 茵芙
2016年,10月15日,八大綜合台 愛奇藝台灣站,13, High 5 制霸青春 ,宏正 、 晨翔 、 毛弟 、 程予希 、 宇宙
2016年,10月26日,三立都會台 東森綜合台,65, 獨家保鑣 ,謝佳見 、 洪小鈴 、 黃薇渟 、 孫沁岳
2016年,10月28日,CHOCO TV,6, X情人 ,文雨非 、 利晴天 、 周定緯 、 方語昕
2016年,11月12日,TVBS歡樂台,15, 在一起，就好 ,鍾承翰 、 曾沛慈 、 陳彥允 、 陳艾熙
2016年,11月13日 11月19日,台視 三立都會台,19, 浮士德的微笑 ,張立昂 、 劉奕兒 、 邵翔 、 陽詠存 、 洪詩
2016年,11月14日,LINE TV,13, 迷徒Chloe ,李千娜 、 謝祖武 、 吳慷仁 、 劉以豪
2016年,11月18日 11月19日,台視 八大綜合台,6, 植劇場－姜老師，妳談過戀愛嗎？ ,藍正龍 、 葉星辰 、 禾語辰
2016年,11月23日,台視 LINE TV,60, 700歲旅程 ,邱凱偉 、 陳怡嘉 、 張本渝 、 龍劭華 、 丁強
2016年,12月3日 12月4日,台視 東森綜合台,17, 如朕親臨 ,李國毅 、 連俞涵 、 藍鈞天 、 房思瑜 、 范宸菲 、 楊子儀
2016年,12月8日 12月11日,LINE TV 東森超視,39 13, 惡作劇之吻 2016 ,李玉璽 、 吳心緹 、 宮以騰 、 席惟倫
2016年,12月12日,客家電視台,20, 明天一起去樂園 ,張翰 、 林利霏 、 安唯綾 、 嚴浩
2016年,12月28日,中視 中天娛樂台,40, 讓愛飛揚 ,王家梁 、 寇家瑞 、 楊鎮 、 郭彥甫 、 王道 、 寇世勳 、 艾偉 、 沈孟生
2016年,12月28日,CHOCO TV,6, 志明與春嬌 ,薛仕凌 、 方語昕 、 吳子霏 、 北原山貓
2016年,12月30日 12月31日,台視 八大綜合台,7, 植劇場－天黑請閉眼 ,張書豪 、 簡嫚書 、 曹晏豪 、 孫可芳 、 陳禕倫 、 徐鈞浩 、 朱盛平 、 藍雅芸 、 黃尚禾 、 黃迪揚
2017年,2月14日,CHOCO TV,4, HIStory-MY HERO ,賴東賢 、 蔣昀霖 、 林映唯
2017年,2月21日,CHOCO TV,4, HIStory-離我遠一點 ,吳承璟 、 宋柏緯 、 焦曼婷
2017年,2月22日 3月13日,愛奇藝台灣站 中視,30, 櫻桃小丸子 ,林芯蕾 、 汪東城 、 魏蔓 、 林佑威 、 茵芙 、 顧寶明 、 譚艾珍
2017年,2月24日 2月25日,台視 八大綜合台 愛奇藝台灣站,7, 植劇場－積木之家 ,施易男 、 林子熙 、 陳婉婷 、 范宸菲 、 呂雪鳳 、 曾少宗 、 張詩盈 、 丁也恬
2017年,2月28日,CHOCO TV,4, HIStory-著魔 ,森竣 、 任祐成 、 陳沂
2017年,3月3日 3月4日,三立都會台 東森綜合台 LINE TV,22, 極品絕配 ,吳慷仁 、 邵雨薇 、 吳思賢 、 小蠻 、 陳乃榮 、 劉書宏
2017年,3月7日,三立都會台 東森綜合台,63, 只為你停留 ,李沛旭 、 小薰 、 簡宏霖 、 嚴正嵐
2017年,3月18日,公視 TVBS歡樂台 KKTV,15, 酸甜之味 ,賀一航 、 柯淑勤 、 六月 、 張書豪 、 黃遠 、 林予晞 、 方志友 、 張翰
2017年,3月26日 4月1日,台視 三立都會台,19, 我的愛情不平凡 ,楊一展 、 蔡黃汝 、 周孝安 、 陳敬宣 、  阿喜
2017年,3月27日,客家電視台 KKTV,20, 勞動之王 ,黃騰浩 、 安唯綾 、 古斌 、 羅思琦 、 張靜之
2017年,3月28日,中視 中天綜合台,40, 這些年那些事 ,安俊朋 、 宇珊 、 沈建宏 、 金凱德
2017年,4月2日,公視 HBO Asia,6, 通靈少女 ,郭書瑤 、 蔡凡熙 、 謝翔雅 、 鄭茵聲 、 陳慕義
2017年,4月14日 4月15日,台視 八大綜合台 愛奇藝台灣站,6, 植劇場－夢裡的一千道牆 ,黃河 、 莫允雯 、 張逸軍 、 徐鈞浩 、 陳禕倫 、 楊傑宇 、 陳禕倫 、 朱盛平 、 管翊君 、 吳岳擎 、 劉心宇 、 吳昆達
2017年,4月15日 4月16日,台視 東森綜合台 LINE TV,15, 鐘樓愛人 ,周湯豪 、 孟耿如 、 黃薇渟 、 張捷 、 楊銘威 、 藍雅芸
2017年,4月16日,台視,4, 閱讀時光2 ,趙擎 、 潘儀君 、 姚坤君 、 曹晏豪 、 梅芳 、 李李仁 、 謝祖武 、 蔡振南 、 謝麗金 、 楊謹華 、 高英軒 、 福地佑介 、 許乃涵
2017年,5月10日,KKTV 愛奇藝台灣站,8, 紅色氣球 ,徐韜 、 陳世承 、 謝坤達 、 亮哲 、 方志友 、 吳子霏
2017年,5月10日,KKTV YouTube CHOCO TV,8, 私室 ,黃尚禾 、 謝祖武 、 鄭人碩 、 許乃涵 、 曾紫庭 、 蘇育惟
2017年,5月26日 5月27日,台視 八大綜合台 愛奇藝台灣站,7, 植劇場－花甲男孩轉大人 ,盧廣仲 、 蔡振南 、 王彩樺 、 龍劭華 、 康康 、 柯叔元 、 海裕芬 、 嚴正嵐 、 江宜蓉 、 林意箴 、 江常輝 、 劉冠廷 、 葉辰莛 、 曲獻平 、 今子嫣
2017年,6月14日,CHOCO TV,4, 咕咾小姐 ,海裕芬 、 林可彤 、 戴祖雄 、 郭彥甫 、 應采靈
2017年,6月19日,八大綜合台,69, 終極三國2017 ,SpeXial-子閎 、 SpeXial-偉晉 、 SpeXial-Evan 、 SpeXial-易恩 、 金中西 、 張賀茗 、 趙堯珂 、 A'N'D-鍾羽 、 A'N'D-Lucia 、 陳詩敏
2017年,7月4日 7月9日,酷瞧 CHOCO TV 龍華偶像台,12, 富錦街-這條街上的那些故事 ,連俞涵 、 森竣 、 潘俊佳
2017年,7月8日,公視,5, 起鼓·出獅 ,高英軒 、 謝盈萱 、 戚冠軍 、 太保 、 葛蕾
2017年,7月14日 7月15日,台視 八大戲劇台 愛奇藝台灣站,6, 植劇場－五味八珍的歲月 ,安心亞 、 鍾承翰 、 孫可芳 、 顏毓麟
2017年,7月21日,CHOCO TV,6, 東區小巷的大廟 ,林郁智 、 杜姸 、 李冠毅 、 梁正群 、 張家慧 、 石知田 、 蔡燦得
2017年,7月30日 8月6日,中視 東森戲劇台 KKTV LINE TV CHOCO TV 愛奇藝台灣站,15, 稍息立正我愛你 ,邱勝翊 、 曾之喬 、 郭書瑤 、 王以綸
2017年,8月3日,酷瞧,8, 女大生宿舍 ,王思平 、 趙靜儀 、 吳子霏 、 曹婕妤 、 林甜甜 、 各務孝太
2017年,8月5日 8月6日,台視 東森綜合台 KKTV LINE TV CHOCO TV 愛奇藝台灣站,15, 我和我的四個男人 ,李毓芬 、 嚴爵 、 黃仁德 、 許孟哲 、 許維恩 、 王彩樺 、 馬念先 、 吳岳擎 、 徐崧育
2017年,8月6日 8月12日,台視 三立都會台 Vidol 愛奇藝台灣站,18, 噗通噗通我愛你 ,陳奕 、 魏蔓 、 簡宏霖 、 沈建宏 、 陶嫚曼
2017年,8月8日,CHOCO TV,30, 老爸上身 ,謝祖武 、 曹蘭 、 黃姵嘉 、 邱昊奇 、 陳向熙 、 方語昕
2017年,9月2日,緯來戲劇台 靖天戲劇台,16, 最好的選擇 ,陳禕倫 、 袁艾菲 、 高山峰 、 安唯綾
2017年,9月13日,公視,5, 魔幻對決 ,天心 、 蘇達 、 張翰 、 姚以緹 、 高英軒 、 朱陸豪 、 高振鵬
2017年,9月14日,民視,358, 實習醫師鬥格 ,張捷 、 陳向熙 、 夏宇禾 、 林柏妤 、 哈孝遠 、 吳志慶 、 應蔚民 、 李又汝 、 廖怡裬 、 潘映竹 、 謝京穎 、 林玉書
2017年,9月15日,酷瞧,8, 恐怖高校劇場之直播中二間 ,宋柏緯 、 巫建和 、 晏柔中 、 詹宛儒 、 胡韶恩 、 楊雅筑
2017年,9月28日,Vidol LINE TV 三立都會台 東森綜合台,10, 我的未來男友 ,張軒睿 、 程予希 、 黃尚禾 、 涂善存 、 陳庭萱
2017年,10月12日 10月28日,friDay影音 KKTV myVideo 緯來戲劇台,20, 逃婚一百次 ,黃鴻升 、 李千娜 、 納豆 、 張景嵐 、 許萌希
2017年,10月16日 10月30日,公視+ 公視,40, 城市情歌 ,李佳豫 、 潘麗麗 、 嚴藝文 、 王凱 、 孫情 、 張瓊姿 、 陳子強
2017年,10月24日,三立都會台 東森綜合台,34, 真情之家 ,孫沁岳 、 陽詠存 、 紀言愷 、 李維維 、 苗可麗 、 謝祖武
2017年,11月5日,民視 酷瞧,3, 機密訊號 ,黃騰浩 、 謝坤達 、 林逸欣 、 林雨宣 、 梁瀚名 、 黃迪揚 、 陳大天 、 張東晴 、 李依瑾
2017年,11月17日,KKTV,12, 瑪麗蘇遇上傑克蘇 ,劉以豪 、 祁琪 、 李穎 、 鐘駿勝 、 李雨奚
2017年,11月21日,酷瞧,12, 深藍與月光 ,王庭勻 、 林柏叡 、 黃庭軒 、 陳彥名
2017年,12月2日 12月3日,台視 東森綜合台 KKTV LINE TV CHOCO TV 愛奇藝台灣站,16, 獅子王強大 ,曹晏豪 、 周曉涵 、 劉書宏 、 陽靚
2017年,12月10日 12月16日,台視 三立都會台,16, 已讀不回的戀人 ,鍾承翰 、 蔡黃汝 、 黃瀞怡 、 邱昊奇
2017年,12月13日,KKTV,8, 第一次 ,曹婕妤 、 黃禮豐 、 柯淑勤 、 李洺中 、 唐從聖
2017年,12月18日,酷瞧,4, 可惡！把我的青春還給我 ,邵雨薇 、 夏騰宏 、 歐陽倫 、 徐韜 、 張珀榕
2017年,12月22日 12月23日,KKTV 愛奇藝台灣站 LiTV 台視 八大戲劇台,20, 我的男孩 ,林心如 、 張軒睿 、 李李仁 、 高聖遠
2018年,1月12日 1月13日,三立都會台 東森綜合台,13, 姊的時代 ,鍾瑶 、 吳思賢 、 潘慧如 、 朱芷瑩 、 李運慶 、 吳定謙
2018年,1月22日,愛奇藝台灣站,60, 終極一班5 ,馬振桓 、 辰亦儒 、 五熊 、 宏正 、 偉晉 、 文雨非 、 許明傑 、 蔣蕊澤
2018年,1月28日,myVideo,10, 非私不可咖啡館 ,梁以辰 、 梁正群 、 王宣 、 林敬倫 、 范峻銘 、 詹博翔
2018年,1月30日,CHOCO TV,8, HIStory2-是非 ,江常輝 、 張行
2018年,2月14日 12月10日,i‧active 華視,12 13, 紡綞蟲的記憶 ,莊凱勛 、 瑤涵沂 、 金子昇 、 柴本幸
2018年,3月3日,TVBS歡樂台,15, 翻牆的記憶 ,何潤東 、 楊晴 、 陳怡蓉 、 鄒承恩 、 李千娜 、 張庭瑚 、 吳念軒
2018年,3月6日,CHOCO TV,8, HIStory2-越界 ,盧彥澤 、 范少勳 、 施柏宇 、 楊孟霖
2018年,3月6日,亞洲旅遊台,4, 果然愛情很麻煩 ,廖科溢 、 水澤惠麗奈 、 栗山航
2018年,3月14日,台視 東森綜合台 愛奇藝台灣站,26, 1006的房客 ,李國毅 、 謝欣穎 、 謝坤達 、 黃騰浩 、 謝沛恩 、 許光漢
2018年,3月29日,搜狐視頻 CHOCO TV myVideo 台視,20, 動物系戀人啊 ,鍾欣潼 、 賀軍翔 、 隋棠 、 張睿家
2018年,3月31日,台視 東森綜合台 愛奇藝台灣站,15, 高塔公主 ,孟耿如 、 莫允雯 、 鄭茵聲 、 王牧語 、 周群達 、 利晴天 、 王家梁
2018年,4月2日,客家電視台,14, 台北歌手 ,莫子儀 、 黃姵嘉 、 楊小黎
2018年,4月13日,LUVE TV,8, 半熟少年 ,王柏人 、 許明傑 、 安婕希
2018年,4月15日,台視 三立都會台,18, 三明治女孩的逆襲 ,張立昂 、 葉星辰 、 林子閎 、 邵翔 、 廖奕琁
2018年,5月1日,CHOCO TV,8, 愛情教會我的事-秘密情人 ,戴祖雄 、 袁詠琳 、 宗念美 、 康茵茵 、 隋玲
2018年,5月18日,台視 八大戲劇台 KKTV,13, 前男友不是人 ,楊丞琳 、 藍正龍 、 路斯明 、 李杏 、 海裕芬 、 薛仕凌
2018年,6月13日,台視 東森綜合台 愛奇藝台灣站,24, 人際關係事務所 ,曹佑寧 、 郭書瑤 、 王柏傑 、 馬志翔 、 陽靚
2018年,6月14日,LUVE TV,6, 高三症候群 ,朱玉宸 、 笑笑 、 李育群 、 朱玉恩 、 安啾
2018年,6月16日,公視,4, 奇蹟的女兒 ,連俞涵 、 温貞菱 、 孫可芳 、 林哲熹 、 黃鐙輝
2018年,7月2日,愛奇藝台灣站,24, 熱血高校 ,蔣雪鳴 、 陳昊宇 、 曹佑寧 、 趙粵 、 溫昇豪 、 王振 、 陳庭萱 、 陳彥佐 、 昌璟翔 、 洪晟文
2018年,7月4日,KKTV,9, 美男魚澡堂 ,李沛旭 、 賴琳恩 、 陳昊森
2018年,7月7日,公視 公視+ Netflix LINE TV,10, 你的孩子不是你的孩子 ,柯素雲 、 劉子銓 、 鍾欣凌 、 劉修甫 、 尹馨 、 王淨 、 謝瓊煖 、 王渝萱 、 葉全真 、 吳兆絃
2018年,7月10日 7月12日,TVBS歡樂台 台視,92, 女兵日記 ,劉香慈 、 梁瀚名 、 小嫻 、 楊晴 、 羅平 、 楊雅筑 、 陳謙文 、 林建予 、 博焱 、 李宣榕
2018年,7月12日,緯來綜合台,20, 霹靂電娃 ,卓文萱 、 袁艾菲 、 沐喬 、 許孟哲 、 梁瀚名
2018年,7月21日 7月22日,台視 東森綜合台 愛奇藝台灣站,17, 愛的3.14159 ,邵雨薇 、 吳思賢 、 陳大天 、 李婕
2018年,7月30日 7月31日,華視 LINE TV CHOCO TV,17, 搖滾畢業生 ,黃偉晉 、 吳心緹 、 邱鋒澤 、 陳大天 、 林彥君 、 林子珊 、 楊景涵 、 林怡廷
2018年,8月18日,公視,4, 憤怒的菩薩 ,吳慷仁 、 巫建和 、 劉品言 、 林思宇 、 柯宇綸 、 劉冠廷
2018年,8月19日,台視 三立都會台,16, 高校英雄傳 ,羅宏正 、 劉宇菁 、 李運慶 、 張景嵐
2018年,9月1日 9月2日,Netflix 公視 民視 myVideo,20, 雙城故事 ,陳怡蓉 、 溫昇豪 、 曾珮瑜 、 黃柏鈞
2018年,9月6日,LUVE TV,10, 愛情練習生 ,唐振剛 、 簡廷芮 、 何孟遠 、 廖威廉 、 林雨葶
2018年,9月12日 9月17日,公視+ 公視,60, 8號公園 ,王琄 、 林秀君 、 江映瑤 、 赫容 、 尹昭德
2018年,9月30日,公視,20, 20之後 ,謝怡芬 、 藍鈞天 、 胡釋安 、 鄭靚歆 、 江宜蓉 、 顏毓麟 、 林子熙 、 林孫煜豪
2018年,10月17日,TVBS歡樂台,53, 初戀的情人 ,謝祖武 、 涂善妮 、 潘慧如 、 大元 、 劉書宏
2018年,10月28日,EYE TV 戲劇台,20, 電競高校 ,郝劭文 、 簡莉紋 、 趙毅劼 、 金允喬 、 李穎 、 曾可青
2018年,11月9日,酷瞧 播吧 愛奇藝台灣站,16, N世代 ,林柏叡 、 林真亦 、 陳瑀希 、 林薇多 、 李宓 、 杜季祥 、 沈志明 、 紀源 、 陳若穎 、 高宇橋 、 於大夢
2018年,11月15日 11月19日,TVBS歡樂台 台視,285 208, 女兵日記女力報到 ,羅平 、 楊晴 、 李宣榕 、 博焱 、 陳謙文 、 小嫻 、 楊雅筑 、 梁舒涵 、 方語昕 、 鄭亞 、 梁瀚名 、 林建予 、 尹彥凱 、 游小白
2018年,11月16日 11月17日,台視 東森綜合台 愛奇藝台灣站,24, 種菜女神 ,劉以豪 、 陳庭妮 、 李千娜 、 徐鈞浩
2018年,11月24日,台視 東森綜合台 LINE TV 愛奇藝台灣站,15, 艾蜜麗的五件事 ,鍾瑤 、 林子閎 、 王家梁 、 臧芮軒
2018年,11月24日 12月23日,Vidol 三立都會台,5, 你好，幸福 ,葉星辰 、 陽詠存 、 李維維 、 殷悅 、 吳岳擎 、 古斌 、 藍鈞天
2018年,12月10日,公視2台,10, 生死接線員 ,曾少宗 、 劉倩妏 、 李杏 、 單承矩 、 邱震瀚
2019年,1月6日 1月12日,台視 三立都會台 LINE TV 愛奇藝台灣站,16, 你有念大學嗎？ ,安心亞 、 禾浩辰 、 邵翔 、 邱宇辰 、 吳品潔
2019年,1月8日,三立都會台,41, 必勝大丈夫 ,蔡振南 、 周曉涵 、 周孝安 、 林昀希 、 邱昊奇 、 陳天仁
2019年,2月16日,公視,6, 魂囚西門 ,蕭敬騰 、 郭碧婷 、 鄭宜農 、 謝盈萱 、 喜翔 、 藍葦華 、 詹宛儒
2019年,3月1日 3月3日,台視 八大戲劇台 LINE TV 愛奇藝台灣站,13, 我是顧家男 ,黃健瑋 、 楊謹華 、 謝佳見
2019年,3月9日 3月10日,台視 東森綜合台 LINE TV 愛奇藝台灣站 myVideo,15, 愛情白皮書 ,張庭瑚 、 王淨 、 宋柏緯 、 謝翔雅 、 吳岳擎
2019年,3月24日,公視 HBO,10, 我們與惡的距離 ,賈靜雯 、 吳慷仁 、 陳妤 、 溫昇豪 、 曾沛慈 、 林哲熹 、 周采詩 、 宏都拉斯 、 林予晞 、 施名帥 、 謝瓊煖 、 檢場 、 于卉喬 、 王可元
2019年,3月27日,中視,16, 鑑識英雄II 正義之戰 ,周孝安 、 蔡淑臻 、 王識賢 、 蔡黃汝 、 蘇達
2019年,3月29日,三立都會台 Vidol Netflix,20, 一千個晚安 ,張棟梁 、 連俞涵 、 李宗霖 、 姚愛寗
2019年,4月16日,LINE TV,20, HIStory3-圈套 ,徐鈞浩 、 吳承洋 、 卞慶華 、 陳廷軒
2019年,4月24日 4月27日,台視 東森綜合台 愛奇藝台灣站,24, 如果愛，重來 ,張書豪 、 柯佳嬿 、 吳岳擎
2019年,5月5日 5月11日,華視 中天娛樂台,13, 最佳利益 ,天心 、 鍾承翰 、 溫昇豪
2019年,5月5日 5月11日,台視 三立都會台 Vidol LINE TV 愛奇藝台灣站,18, 月村歡迎你 ,謝坤達 、 林思宇 、 吳念軒 、 李佳豫
2019年,5月14日,八大綜合台 KKTV LINE TV,40, 90後的我們 ,陳天仁 、 陳信維 、 簡劭峰 、 莊迦漢 、 林靖軒
2019年,5月31日 6月2日,台視 八大戲劇台 KKTV LINE TV,13, 我們不能是朋友 ,劉以豪 、 郭雪芙 、 孫其君 、 夏若妍 、 袁艾菲 、 陳慕
2019年,6月8日,公視 Netflix,13, 噬罪者 ,莊凱勛 、 曹晏豪 、 夏于喬 、 蔡淑臻 、 林子熙
2019年,6月14日,三立台灣台,22, 天之蕉子 ,楊子儀 、 吳怡霈 、 楊小黎 、 陳謙文 、 唐豐 、 黃靖倫 、 周宜霈 、 王晴
2019年,6月24日,衛視電影台 FOX+,10, 浮士德遊戲2 ,修杰楷 、 鍾瑤 、 黃尚禾 、 姚以緹
2019年,7月3日,LINE TV KKTV,8, 同居吧！MC女孩 ,詹宛儒 、 李聿安 、 周維鈺 、 常心屏
2019年,7月6日 7月7日,台視 東森綜合台,15, 男神時代 ,謝佳見 、 葉星辰 、 劉書宏 、 夏語心 、 陽靚 、 安俊朋
2019年,7月9日,八大綜合台 KKTV LINE TV,40, 一起幹大事 ,李㼈 、 王滿嬌 、 邱宇辰 、 楊騰 、 賴雅琪 、 許巧薇 、 邱九儒
2019年,7月18日,華視,45, 鬥陣來鬧熱 ,王彩樺 、 方駿 、 許富凱 、 何蓓蓓
2019年,7月19日,LINE TV,13, 靈異街11號 ,李國毅 、 簡嫚書
2019年,7月27日,公視 公視台語台,30, 苦力 ,蔡昌憲 、 黃文星 、 傅子純 、 陳怡嘉 、 林玟誼 、 白家綺
2019年,8月2日,衛視中文台 FOX+,14, 遺失的1/2 ,黃姵嘉 、 陳璽安 、 王家梁 、 韓笙笙 、 林哲熹
2019年,8月4日 10月25日,華視 三立都會台,10, 俗女養成記 ,謝盈萱 、 吳以涵 、 溫昇豪 、 藍葦華 、 夏靖庭 、 楊麗音 、 宋緯恩 、 陳竹昇 、 于子育
2019年,8月15日 9月8日,Netflix 公視 愛奇藝台灣站,7, 鏡文學驚悚劇場 ,温貞菱 、 蔡淑臻 、 林鶴軒 、 韓笙笙 、 班鐵翔 、 應采靈 、 許時豪 、 廖雅珺 、 夏騰宏 、 林子熙 、 吳昆達 、 林意箴 、 王渝屏 、 黃河 、 丁巧唯 、 白潤音 、 白小櫻 、 謝欣穎 、 張詩盈
2019年,8月16日 8月17日,華視 三立都會台 衛視中文台,10, 用九柑仔店 ,張軒睿 、 莫允雯 、 林義雄 、 雷洪 、 龍劭華 、 黃西田 、 王滿嬌 、 侯彥西 、 陳禕倫 、 程雅晨 、 張文綺 、 吳朋奉 、 丁國琳
2019年,8月30日 9月1日,台視 八大戲劇台,40, 你那邊怎樣·我這邊OK ,藍心湄 、 藍正龍 、 曾之喬 、 劉冠廷 、 曾沛慈 、 吳岳擎 、 庹宗華 、 張耀仁 、 陳羅密歐 、 陳泂江 、 沈琳宸
2019年,9月8日 9月14日,台視 三立都會台 Vidol 愛奇藝台灣站,20, 網紅的瘋狂世界 ,吳思賢 、 項婕如 、 言明澔 、 克萊兒  、 卓毓彤 、  張豐豪 、 姚亦晴 、 蘇妍緹 、 許時豪 、 黃雲歆 、 李星鏴 、 張若凡
2019年,10月6日,公視 HBO Asia,8, 通靈少女2 ,郭書瑤 、 温貞菱 、 范少勳
2019年,10月16日,LINE TV,20, HIStory3-那一天 ,宋緯恩 、 黃雋智 、 劉韋辰 、 張瀚元
2019年,10月19日,TVBS歡樂台,15, 天堂的微笑 ,修杰楷 、 林予晞 、 方志友 、 黃尚禾 、 林逸欣
2019年,10月21日,客家電視台,16, 烏陰天的好日子 ,張雁名 、 方宥心 、 王琄 、 廖苡喬 、 巫宗瀚 、 李劭婕 、 劉倩妏
2019年,10月29日,華視,30, 守著陽光守著你 ,是元介 、 李千那 、 潘柏希 、 吳品潔
2019年,10月31日,Netflix,8, 罪夢者 ,賈靜雯 、 張孝全 、 范曉萱 、 王柏傑 、 章立衡 、 周洺甫 、 許光漢
2019年,11月16日,公視 Netflix,13, 糖糖Online ,潘慧如 、 朱芷瑩 、 詹宛儒 、 鍾政均 、 林孫煜豪 、 盧以恩 、 唐綸 、 王暄晴 、 葛丞 、 黃婕菲 、 黃子悅
2019年,11月17日 11月23日,中視 衛視中文台 FOX+,13, 想見你 ,柯佳嬿 、 許光漢 、 施柏宇 、 顏毓麟
2019年,11月18日,東森戲劇台,63, 美味滿閣 ,魏蔓 、 李維維 、 王傳一 、 紀言愷 、 苗可麗 、 龍劭華 、 沈孟生
2019年,12月1日 12月7日,民視 公視主頻,30, 鏡子森林 ,侯怡君 、 楊謹華 、 柯叔元 、 霍正奇 、 游安順 、 高欣欣 、 李之勤 梁正群 、 姚淳耀 、 藍葦華 、 夏騰宏 、 何豪傑 、 徐裕傑 、 李相林 、 瑭霏
2019年,12月6日,Netflix,6, 極道千金 ,劉以豪 、 劉奕兒
2019年,12月16日,客家電視台,12, 四分之3 ,侯彥西 、 特蕾沙 、 黃湘婷 、 吳承洋 、 呂雪鳳 、 檢場 、 段可風 、 林鶴軒
2019年,12月24日,TVBS歡樂台 中視,50, 女力報到－小資女上班記 ,羅平 、 楊晴 、 李宣榕 、 林曜晟 、 陳謙文 、 王樂妍 、 楊雅筑 、 梁瀚名 、 梁舒涵 、 曾子余 鄭亞 、 林建予 、 方馨 、 劉書宏 、 王上菲 、 勵政達 、 王沛語 、 張瀚元 、 尹彥凱 、 游小白
2020年,1月1日,大愛電視台,2, 舞出寂靜 ,高慧君 、 夏靖庭 、 江沂宸 、 楊家芸
2020年,1月23日,Netflix,6, 彼岸之嫁 ,吳慷仁 、 黃姵嘉 、 林路迪 、 田士廣
2020年,2月2日 2月8日,台視 三立都會台,18, 跟鯊魚接吻 ,鍾瑶 、 羅宏正 、 李運慶 、 張景嵐 、 藍鈞天 、 茵芙
2020年,2月8日,TVBS歡樂台 愛奇藝台灣站,15, 墜愛 ,安心亞 、 宋柏緯 、 溫昇豪 、 古斌 、 林映唯 、 吳珝陽 、 程茉
2020年,2月14日,KKTV,10, 2020因為愛你 ,李時剛 、 張又瑋 、 黃士傑 、 徐謀俊
2020年,3月6日,TVBS歡樂台 中視,50, 女力報到－愛神出任務 ,羅平 、 楊晴 、 李宣榕 、 林曜晟 、 陳謙文 、 王樂妍 、 楊雅筑 、 梁瀚名 、 梁舒涵 、 曾子余 、 林建予 、 王建復 、 王上菲 、 勵政達 、 王沛語 、 張瀚元 、 尹彥凱 、 游小白
2020年,3月15日,myVideo,4, 76號恐怖書店之恐懼罐頭 ,陳庭妮 、 張書偉 、 鄭人碩 、 饒星星 、 黃瀞怡
2020年,3月28日 3月29日,台視 八大戲劇台 八大綜合台,13, 覆活 ,邱勝翊 、 任容萱 、 吳岳擎 、 姚以緹
2020年,4月4日,公視,8, 妖怪人間 ,石知田 、 黃騰浩 、 連俞涵 、 陳以文 、 蕭永裕
2020年,4月10日 4月18日,Vidol 三立都會台,8, 位！你在等我嗎？ ,吳承洋 、 陳敬宣 、 江可德 、 綠茶 、 李易 、 沈懿 、 金凱德 、 王琄 、 班鐵翔
2020年,4月15日,東森戲劇台 愛奇藝台灣站,60, 姊妹們追吧 ,謝坤達 、 張允曦 、 柯淑勤 、 雲中岳 、 洪都拉斯 、 葛蕾 、 吳以涵 、 劉宇珊 、 章廣辰
2020年,4月17日,Vidol 三立新聞網,12, 限時同居侯八天 ,李博翔 、 梁以辰 、 勵政達 、 菜浿梨子 、 宋偉恩 、 呂維真 、 章哲銘 、 葉芸希 、 游書庭
2020年,4月19日,華視   公視台語台,10, 若是一個人 ,孫可芳 、 宋柏緯 、 林子閎 、 陳璇
2020年,4月30日,Netflix,8, 誰是被害者 ,許瑋甯 、 張孝全 、 王識賢 、 季芹 、 洪都拉斯 、 楊少文 、 陳家逵 、 夏靖庭 、 馬念先 、 丁寧 、 黃河 、 林心如 、 鄭人碩 、 李沐
2020年,5月10日,HBO myVideo,6, 做工的人 ,李銘順 、 柯叔元 、 游安順 、 苗可麗 、 薛仕凌 、 曾珮瑜 、 曾敬驊
2020年,5月15日,TVBS歡樂台 中視,50, 女力報到－最佳拍檔 ,潘慧如 、 梁舒涵 、 曾子余 楊雅筑 、 楊晴 、 羅平 、 王建復 、 李宣榕 、 王樂妍 、 陳謙文 、 游小白 、 梁瀚名 、 尹彥凱 、 林建予 、 勵政達 、 王上菲 、 張瀚元 、 王沛語
2020年,5月16日,公視 NHK,3, 路～ 台灣Express～ ,波瑠 、 井浦新 、 寺脇康文 、 高橋長英 、 炎亞綸 、 邵雨薇 、 楊烈 、 林美秀 、 李梓誠
2020年,5月18日,東風衛視,13, 有家雜貨店 ,張幼楒 、 李亮瑾 、 顏曉筠 、 宋城希 、 周月綺 、 張魁 、 張帝 、 鄭進一
2020年,5月19日,台視 愛奇藝台灣站 LINE TV myVideo,168, 生生世世 ,方文琳 、 林嘉俐 、 米可白 、 林雨宣 、 薛仕凌 、 曾子益 、 方大緯
2020年,6月6日,公視 公視+ myVideo LINE TV HamiVideo,40, 我的婆婆怎麼那麼可愛 ,鍾欣凌 、 黃姵嘉 、 張書偉 、 許孟哲 、 許傑輝 、 邱凱偉 、 王少偉 、 楊銘威 、 蘇晏霈 、 林筳諭 、 張可昀 、 陳禕倫 、 詹宛儒 、 謝毅宏 、 陳建凱 、 林東緒
2020年,6月7日 6月13日,台視 三立都會台,20, 浪漫輸給你 ,張立昂 、 宋芸樺 、 連晨翔 、 廖奕琁 、 許孟哲 、 蔡瑞雪
2020年,6月28日,華視 公視台語台,10, 老姑婆的古董老菜單 ,李冠毅 、 黃聖雅 、 嚴正嵐 、 吳秀珠 、 龍劭華
2020年,7月15日 7月29日,三立都會台 華視,60, 我的青春沒在怕 ,唐禹哲 、 蔡黃汝 、 王家梁 、 程予希
2020年,7月17日,myVideo,4, 違反校規的跳投 ,吳念軒 、 蔡瑞雪 、 李銘忠 、 范姜彥豐 、 宋偉恩 、 劉育仁 、 各務孝太 、 簡伯廷 、 李齊
2020年,7月24日,TVBS歡樂台,50, 女力報到－正好愛上你 ,李宣榕 、 楊晴 、 楊雅筑 、 王上菲 、 王沛語 、 羅平 、 梁瀚名 、 陳謙文 、 王樂妍 、 林建予 、 游小白 、 尹彥凱 、 王建復 、 黃靖倫 、 勵政達 、 張瀚元 、 潘嘉麗 、 林曜晟 、 顏以娜 、 優妮
2020年,7月31日,三立台灣台,18, 羅雀高飛 ,邱凱偉 、 大元 、 田家達 、 李維維
2020年,8月2日,民視 LINE TV,14, 黑喵知情 ,簡嫚書 、 施名帥 、 連俞涵 、 王家梁
2020年,8月16日,HBO HBO Asia,8, 獵夢特工 ,徐若瑄 、 王識賢 、 王耀慶
2020年,8月22日,中天娛樂台 愛奇藝台灣站,39, 那刻的怦然心動 ,胡宇威 、 關詩敏 、 劉品言 、 黃薇渟 、 陶嫚曼 、 蔡淑臻 、 潘慧如 、 鍾欣凌 、 尹昭德 、 壯壯 、 許光漢 、 周定緯 、 藍鈞天 、 邱品程 、 高英軒 、 艾偉
2020年,8月28日,myVideo,4, 追兇500天 ,莫子儀 、 黃瀞怡 、 程予希 、 林暉閔
2020年,9月12日,中天綜合台 愛奇藝,20, 腦波小姐 ,張書豪 、 歐陽妮妮 、 蔡黃汝 、 張捷 、 黃仲崑 、 陳孝萱 、 夏靖庭 、 狄志杰 、 劉修甫
2020年,9月19日,衛視中文台 衛視電影台,3, 愛的廣義相對論 ,莊凱勛 、 劉品言 、 楊謹華 、 宋芸樺 、 謝欣穎 、 林哲熹
2020年,9月19日 9月20日,台視 八大戲劇台,13, 因為我喜歡你 ,汪東城 、 郭雪芙 、 張本渝 、 顏毓麟 、 席惟倫 、 陳泂江
2020年,10月2日,TVBS歡樂台,60, 女力報到－最美的約定 ,楊晴 、 羅平 、 王樂妍 、 陳謙文 、 梁瀚名 、 楊雅筑 、 王建復 、 李宣榕 、 林建予 、 游小白 、 尹彥凱 、 王上菲 、 王沛語 、 黃靖倫 、 潘嘉麗 、 顏以娜 、 勵政達 、 張瀚元 、 林曜晟 、 楊佩潔 、 李博翔 、 優妮
2020年,10月15日,KKTV GagaOOlala,10, 饞上你 ,邱昊奇 、 范成章 、 宋亞倫 、 陳希騰 、 郭源元 、 顏永烈 、 李育群
2020年,10月25日 10月31日,台視 三立都會台 Netflix,20, 天巡者 ,賀軍翔 、 邵雨薇 、 周曉涵 、 楊銘威 、 陳璽安 、 程雅晨 、 張洛偍
2020年,11月13日,myVideo KKTV,14, 記憶浮島 ,安哲 、 劉宇菁 、 陳敬宣 、 李杏 、 楊孟霖 、 徐鈞浩 、 陳禕倫 、 孫沁岳 、 范宸菲
2020年,11月13日,myVideo,12, 不讀書俱樂部 ,蕭子墨 、 黑嘉嘉 、 李沐 、 張再興 、 林映唯 、 陳加恩 、 紀言愷
2020年,11月14日,TVBS歡樂台,13, 粉紅色時光 ,方志友 、 吳念軒 、 章廣辰 、 嚴正嵐 、 陳彥允
2020年,11月17日,三立都會台 華視,60, 廢財闖天關 ,李國毅 、 李亦捷 、 梁以辰 、 梁舒涵 、 邱昊奇 、 邵翔
2020年,11月27日,三立都會台 華視,15, 未來媽媽 ,郭書瑤 、 禾浩辰 、 馬志翔 、 劉品言 、 李至正 、 張寗 、 夏騰宏 、 楊麗音 、 周丹薇 、 劉亮佐
2020年,11月28日 12月5日,東森戲劇台 靖天戲劇台,15, 王牌辯護人 ,胡宇威 、 葉星辰 、 路斯明 、 黃薇渟 、 林孫煜豪
2020年,12月3日 12月10日,優酷 Netflix myVideo,8, 預支未來 ,張書豪 、 劉奕兒 、 禾浩辰 、 邵雨薇
2020年,12月5日,公視,8, 返校 ,韓寧 、 李玲葦 、 姚淳耀 、 吳昆達 、 趙正平 、 黃冠智 、 羅光旭 、 蔡瑞雪 、 夏騰宏
2020年,12月13日,HBO HBO Asia,8, 戒指流浪記 ,宥勝 、 林予晞 、 龍劭華 、 王琄 、 陳竹昇 、 孫可芳 、 黃尚禾 、 謝怡芬 、 黃柏鈞 、 劉國劭 、 許乃涵 、 梁正群 、 林暉閔 、 黃沐妍 、 王宥謙
2020年,12月16日,Vidol 三立新聞網 LINE TV,12, 愛不愛栗絲 ,李佳穎 、 王可元 、 許凱皓 、 文雨非 、 謝毅宏
2020年,12月20日,八大綜合台 myVideo LINE TV,10, 故事宮寓 ,張鈞甯 、 徐若瑄 、 連俞涵 、 瑞瑪席丹 、 張榕容 、 劉冠廷 、 莊凱勛 、 李國毅 、 林鶴軒 、 吳念軒
2020年,12月27日,LINE TV,24, 金愛演真探團 ,龍劭華 、 李國毅 、 許明傑 、 王自強 、 喜翔 、 陳俊成 、 劉昌翰
2020年,12月28日,TVBS歡樂台,50, 女力報到－好運到 ,楊晴 、 羅平 、 王樂妍 、 陳謙文 、 方馨 、 劉書宏 、 梁瀚名 、 楊雅筑 、 王建復 、 李宣榕 、 林建予 、 潘嘉麗 、 尹彥凱 、 優妮 、 勵政達 、 王上菲 、 林曜晟 、 顏以娜 、 楊佩潔 、 李博翔 、 張瀚元 、 游小白 、 王沛語 、 黃靖倫
2021年,1月2日,公視,6, 大債時代 ,林柏宏 、 李霈瑜 、 黃瀞怡 、 陳昊森 、 張書豪
2021年,1月8日,WeTV,6, We Best Love－永遠的第一名 ,林子閎 、 楊宇騰 、 李齊 、 羅德弘 、 張睿家 、 范姜彥豐 、 石知田
2021年,1月31日,八大戲劇台 衛視中文台,26, 她們創業的那些鳥事 ,林心如 、 陳意涵 、 邱澤 、 簡嫚書
2021年,2月20日,公視 myVideo,10, 天橋上的魔術師 ,莊凱勛 、 李奕樵 、 孫淑媚 、 朱軒洋 、 初孟軒 、 黃舒湄 、 袁富華 、 盧以恩 、 萬芳
2021年,3月1日,三立都會台 華視,30, 廢財闖天關2 ,李國毅 、 李亦捷 、 梁以辰 、 梁舒涵 、 邱昊奇 、 邵翔
2021年,3月5日,WeTV,6, We Best Love－第二名的逆襲 ,林子閎 、 楊宇騰 、 李齊 、 羅德弘 、 張睿家 、 范姜彥豐 、 石知田
2021年,3月11日,TVBS歡樂台,50, 女力報到－愛情公寓 ,梁瀚名 、 楊雅筑 、 羅平 、 楊晴 、 王樂妍 、 陳謙文 、 李宣榕 、 王建復 、 林建予 、 潘嘉麗 、 尹彥凱 、 優妮 、 勵政達 、 王上菲 、 林曜晟 、 顏以娜 、 黃靖倫 、 游小白 、 朱宇謀 、 張瀚元 、 林柏妤 、 李博翔 、 楊佩潔 、 徐愷伶 、 陳彥廷 、 方志友
2021年,3月12日,Hami Video,4, 都嘛是你的毛 ,蔡凡熙 、 魏蔓 、 辛樂兒
2021年,3月14日,YouTube,3, 親愛的天王星 ,陳加恩 、 孫譓檸 、 朱葒 、 陳羿菡 、 黃亭瑜 、 薛奕絜
2021年,3月14日,LINE TV,20, HIStory4 - 近距離愛上你 ,涂善存 、 陳立安 、 安俊朋 、 林嘉威 、 紀欣伶
2021年,3月21日 3月27日,台視 三立都會台,18, 戀愛是科學 ,莫允雯 、 吳念軒 、 黃薇渟 、 李京恬 、 高雋雅 、 鄭暐達 、 林禹 、 許懷民 、 葉全真
2021年,3月22日,客家電視台,12, 女孩上場 ,張瑀希 、 蔡嘉茵 、 范姜泰基 、 高英軒 、 徐瑞蔆 、 高倩怡 、 李蕙蓉 、 吳奕蓉
2021年,4月12日,三立都會台 華視,70, 三隻小豬的逆襲 ,王傳一 、 賴雅妍 、 謝佳見 、 魏蔓 、 林孫煜豪 、 孫沁岳 、 李天柱 、 劉瑞琪
2021年,4月23日,GagaOOLala,6, 酷蓋爸爸 ,謝佳見 、 林輝瑝
2021年,4月23日 5月23日,民視第一台 民視無線台,3, 日蝕遊戲 ,楚宣 、 梁佑南 、 李之勤 、 葉華 、 袁艾菲
2021年,5月1日,公視,10, 火神的眼淚 ,溫昇豪 、 林柏宏 、 陳庭妮 、 劉冠廷 、 江宜蓉 、 馬力歐 、 胡釋安 、 夏騰宏 、 謝章穎 、 柯奐如 、 王琄 、 丁寧 、 黃迪揚 、 陳鼎中
2021年,5月20日,TVBS歡樂台,50, 女力報到－男人止步 ,梁瀚名 、 楊雅筑 、 羅平 、 楊晴 、 林建予 、 潘嘉麗 、 尹彥凱 、 優妮 、 勵政達 、 王上菲 、 林曜晟 、 顏以娜 、 黃靖倫 、 游小白 、 朱宇謀 、 張瀚元 、 林柏妤 、 李博翔 、 楊佩潔 、 徐愷伶 、 陳彥廷
2021年,5月20日,Vidol KKTV,12, 約·定 ,賴東賢 、 王碩瀚 、 廖偉博 、 余杰恩 、 李迪恩
2021年,6月13日,HBO HBO GO CATCHPLAY+,15, 第三佈局 塵沙惑 ,張榕容 、 莊凱勛 、 劉冠廷 、 李銘忠 、 邱士縉 、 魏蔓 、 黃薇渟 、 林子熙 、 徐鈞浩 、 林美貞 、 喜翔
2021年,6月17日,LINE TV,50, 愛的奧特萊斯 ,傅孟柏 、 姜典 、 項婕如
2021年,7月10日 7月11日,公視 東森戲劇台 LINE TV,10, 神之鄉 ,王識賢 、 李李仁 、 李玉璽 、 項婕如
2021年,7月16日,myVideo,7, 我的老闆是隻貓 ,張睿家 、 嚴正嵐 、 袁子芸 、 李齊 、 唐振剛
2021年,7月28日,AMM,13, 20年的約定 ,蔡凡熙 、 郭雪芙 、 仲思齊 、 艾麗 、 邱昊奇 、 林意箴 、 辰星雨 、 王邵平 、 林恆安 、 羅家正
2021年,7月29日,TVBS歡樂台,50, 女力報到－男人止步2 ,潘嘉麗 、 王上菲 、 楊雅筑 、 楊晴 、 羅平 、 梁瀚名 、 林建予 、 尹彥凱 、 優妮 、 游小白 、 潘慧如 、 鄭亞 、 阿布 、 方志友 、 邱凱偉 、 葛蕾
2021年,7月30日,YouTube,4, 職人事務所 ,唐豐 、 蔡聖偉 、 陳霆 、 姬君達 、 王岳豐 、 陳奕紘 、 葉立國 、 陳睦淳 、 鄭布布 、 阿榞 、 陳星彤 、 黃圓元 、 吳楷兒 、 葉真佑
2021年,8月7日,八大戲劇台,20, 超感應學園 ,蔡凡熙 、 劉奕兒 、 姜濤 、 林思廷 、 洪群鈞 、 白靜宜 、 許時豪
2021年,8月8日,華視 CatchPlay,10, 俗女養成記2 ,謝盈萱 、 藍葦華 、 吳以涵 、 陳竹昇 、 于子育 、 宋偉恩 、 楊銘威
2021年,8月12日,myVideo 公視+,10, 池塘怪談 ,林鶴軒 、 石知田 、 張紹琛 、 蔡承儒 、 陳姸霏 、 苗可麗 、 趙正平
2021年,8月14日,公視,12, 斯卡羅 ,吳慷仁 、 温貞菱 、 查馬克·法拉屋樂 、 雷斌·金碌兒 、 法比歐 、 黃健瑋 、 周厚安 、 黃遠 、 雷洪 、 夏靖庭 、 余竺儒 、 張瑋帆 、 郭芷芸 、 程苡雅 、 謝宇熙
2021年,9月3日 9月4日,愛奇藝國際站 緯來電影台,24, 逆局 ,周渝民 、 張榕容 、 李銘順 、 曾敬驊 、 朱軒洋 、 紀培慧 、 辛樂兒 、 馬念先 、 黃迪揚 、 姜康哲
2021年,9月10日 10月1日 12月25日,YouTube   [ 2 ] 自架付費平台 公視,10, 國際橋牌社2 ,楊烈 、 陳家逵 、 湯志偉 、 夏靖庭 、 路斯明 、 范宸菲 、 楊小黎 、 趙正平 、 撒基努 、 安俊朋 、 方聖傑 、 詹佳儒 、 蔣偉文
2021年,9月17日,KKTV,10, 隔離後見個面，好嗎？ ,河合朗弘 、 邱治澔 、 張雅惟 、 林鼎強 、 歐陽MAMA 、 賴東賢
2021年,9月24日,GagaOOLala,4, 無邪 ,蟻大點 、 張得中
2021年,10月3日,HBO HBO GO,10, 誰在你身邊 ,莊凱勛 、 徐若瑄 、 張鈞甯 、 陳恩峰 、 王可元
2021年,10月7日,TVBS歡樂台,50, 女力報到－愛的故事 ,優妮 、 尹彥凱 、 楊晴 、 羅平 、 梁瀚名 、 楊雅筑 、 梁舒涵 、 曾子余 、 黃靖倫 、 王上菲 、 游小白 、 鄭亞 、 林建予 、 潘嘉麗
2021年,10月9日,公視,10, 四樓的天堂 ,黃秋生 、 謝盈萱 、 范少勳 、 黃姵嘉 、 王真琳 、 潘麗麗 、 陳家逵
2021年,10月16日 10月17日,台視 東森戲劇台 myVideo Netflix,18, 2049－幸福話術   2049－刺蝟法則    2049－完美預測 ,陳漢典 、 李亦捷 林子熙 、 莫允雯     邵雨薇 、 林柏宏
2021年,10月17日 11月8日,公視台語台 民視無線台,30, 孟婆客棧 ,唐美雲 、 石英 、 蔡振南 、 王彩樺 、 王金櫻 、 小咪 、 林美秀
2021年,10月17日 10月23日,愛奇藝國際站 華視 八大戲劇台,13, 無神之地不下雨 ,曾之喬 、 傅孟柏 、 顏毓麟
2021年,10月22日,Netflix,10, 比悲傷更悲傷的故事 ,王淨 、 范少勳 、 曾少宗 、 馬念先 、 蔡嘉茵 、 白潤音 、 王柏傑 、 邵雨薇 、 袁艾菲 、 姚以緹
2021年,11月8日,台視 三立都會台,100, 一個屋簷下 ,楊子儀 、 林筳諭 、 周孝安 、 米可白 、 周宜霈 、 盧彥澤 、 陳妍安 、 陳文山 、 吳佳姍 、 陳玹宇 、 洪于晴 、 潘逸安 、 何宜珊 、 邱木翰
2021年,11月12日,GagaOOLala,6, 第一次遇見花香的那刻 ,林辰唏 、 程予希
2021年,11月13日 11月15日,公視 客家電視台,12, 茶金 ,郭子乾 、 溫昇豪 、 連俞涵 、 薛仕凌 、 李杏
2021年,11月14日,HBO HBO GO,6, 亞洲怪談2：送煞 （ 英語 ： Folklore (TV series) ） ,吳慷仁 、 宋芸樺
2021年,11月26日,Netflix,24, 華燈初上 ,林心如 、 楊謹華 、 楊祐寧 、 劉品言 、 謝欣穎 、 郭雪芙 、 江宜蓉 、 謝瓊煖
2021年,12月15日,TVBS歡樂台 東森超視,100, 機智校園生活 ,宥勝 、 周曉涵 、 紀言愷 、 曾莞婷 、 楊晴 、 林輝瑝 、 鍾岳軒 、 鄭豐毅 、 劉敬 、 陳彥廷 、 王新凱 、 黃柏峰 、 李星鏴 、 孔令元 、 鄭芯恩 、 馮容潔 、 王禹舒 、 賴雅琪
2021年,12月20日,衛視中文台,40, 如果花知道 ,任容萱 、 張睿家 、 石知田 、 邱偲琹
2022年,1月12日,Youtube Line TV,8, 浪我在你身邊 ,安心亞 、 蔡振南 、 孫可芳 、 林鶴軒 、 柯叔元 、 曾莞婷 、 黃冠智
2022年,2月6日,東森戲劇台 KKTV,14, 我家浴缸的二三事 ,禾浩辰 、 蔡凡熙 、 劉主平 、 溫慶禹 、 洪至賢 、 張碩航
2022年,2月25日 4月16日,優酷視頻 衛視電影台 Disney+,4, 我是自願讓他殺了我 ,鄭人碩 、 蔡淑臻 、 尹昭德 、 薛仕凌 、 余晉 、 趙逸嵐 、 蔡承邑
2022年,2月28日,衛視中文台,40, 我和我的鋼四壁 ,涂善存 、 邱宇辰 、 宋偉恩 、 管麟
2022年,3月13日,華視 公視台語台,10, 婚姻結業式 ,謝祖武 、 張本渝 、 郁芳 、 梁赫群 、 何如芸 、 夏如芝 、 馬力歐 、 尹昭德
2022年,3月14日,KKTV 愛奇藝國際站,12, 基因決定我愛你 ,林暉閔 、 黃新皓 、 郭宇宸 、 林煒傑
2022年,3月27日,CATCHPLAY+ HBO HBO GO,7, 良辰吉時 ,張艾嘉 、 李康生 、 謝欣穎 、 楊祐寧 、 姚以緹 、 段鈞豪 、 薛仕凌 、 顏毓麟 、 黃仲崑 、 周采詩 、 陳姸霏 、 唐治平 、 瑞瑪席丹 、 黃遠 、 陳羅密歐 、 陳麗貞
2022年,4月11日,客家電視台,12, 船到橋頭不會直 （ 客家話 ： Sòn to Khièu-thèu m̀-voi Chhṳ̍t ） ,吳政迪 、 楊小黎 、 陶傳正 、 廖曉彤 、 周孝安 、 安乙蕎 、 汪禹丞 、 謝其文 、 莫愛芳 、 王自強 、 陳詩媛 、 陳詩雅
2022年,4月15日,CATCHPLAY,13, 正負之間 ,林上豪 、 石承鎬 、 鄭齊磊 、 李見騰
2022年,4月29日,Vidol,1, 白書 ,徐鈞浩 、 許安植 、 石知田
2022年,5月7日 5月8日,公視 衛視中文台,10, 村裡來了個暴走女外科 ,蔡淑臻 、 朱軒洋 、 湯志偉 、 楊麗音 、 風田 、 張再興 、 杜姸 、 蘇瀅 、 海裕芬 、 鄭志偉 、 涵冷娜 、 鮑正芳 、 張雅雯 、 陳怡叡
2022年,5月9日,TVBS歡樂台,52, 機智校園生活－青春萬歲 ,宥勝 、 周曉涵 、 紀言愷 、 曾莞婷 、 楊晴 、 林輝瑝 、 鍾岳軒 、 鄭豐毅 、 陳彥廷 、 王新凱 、 黃柏峰 、 李星鏴 、 孔令元 、 鄭芯恩 、 馮容潔 、 賴雅琪 、 楊翹碩
2022年,5月12日,大愛電視台,29, 你好，我是誰？ ,寇世勳 、 崔佩儀 、 劉引商 、 丁強 、 傅小芸 、 田家達 、 方大緯 、 蘇炳憲 、 陳淑芳 、 胡利 、 邱凱偉 、 龍天翔 、 林玟誼 、 大元
2022年,5月15日,八大戲劇台 Netflix,13, 親愛的亞當 ,胡宇威 、 曾沛慈 、 孫可芳 、 吳岳擎 、 周丹薇 、 張勛傑 、 李運慶 、 陳信維 、 鄭芯恩 、 鍾岳軒
2022年,6月15日,Disney+ Bilibili,26, 正義的算法 ,陳柏霖 、 郭雪芙 、 侯彥西 、 林育品 、 陳雪甄 、 林格宇 、 楊銘威 、 藍鈞天 、 黃姵嘉 、 鄒承恩 、 謝沛恩
2022年,6月18日,八大戲劇台 Netflix,12, 愛情發生在三天後 ,劉冠廷 、 陳庭妮 、 孟耿如 、 施名帥 、 林哲熹 、 謝沛恩 、 袁艾菲 、 陳語安 、 邱木翰
2022年,7月15日,Netflix,11, 媽，別鬧了！ ,比莉 、 賈靜雯 、 柯佳嬿 、 吳慷仁 、 林柏宏 、 寇世勳 、 曾莞婷 、 龍劭華
2022年,7月20日,TVBS歡樂台,48, 機智校園生活－必勝高三生 ,楊銘威 、 周曉涵 、 紀言愷 、 曾莞婷 、 楊晴 、 林輝瑝 、 鍾岳軒 、 鄭豐毅 、 陳彥廷 、 王新凱 、 黃柏峰 、 李星鏴 、 孔令元 、 鄭芯恩 、 馮容潔 、 賴雅琪 、 楊翹碩
2022年,7月29日,中華電信MOD Hami Video,12, 我願意 ,姚淳耀 、 吳庚霖 、 柯淑勤 、 高慧君 、 鄒承恩 、 吳奕蓉 、 楊大正 、 劉倩妏 、 林暉閔 、 王渝屏 、 陳家逵 、 劉晉瑋 、 宸頤
2022年,8月5日,MyVideo LiTV 線上影視,20, 姊妹們，上 ,姚采穎 、 張家慧 、 唐治平 、 黃采儀 、 莊凱勛 、 梁正群
2022年,8月6日,公視 MyVideo 台視,10, 茁劇場－滴水的推理書屋 ,羅宏正 、 李沐 、 陳婉婷 、 黃河 、 林映彤 、 管翊君 、 陳季霞 、 樊光耀 、 李冠毅 、 吳翰林
2022年,8月8日,GagaOOLala,8, 酷蓋爸爸2 ,謝佳見 、 邱木翰 、 路嘉欣 、 趙逸嵐 、 徐韜 、 管麟
2022年,8月29日,三立都會台 華視,45, 門當互懟愛上你 ,林艾璇 、 連晨翔 、 檢場 、 謝瓊煖 、 樊光耀 、 況明潔
2022年,8月29日 9月3日,Bilibili 東森戲劇台,8, About Youth 默默的我，不默默的我們 ,沈駿 、 李振浩 、 黃信赫 、 徐碩廷
2022年,9月10日,公視 MyVideo 台視,6, 茁劇場－走過愛的蠻荒 ,李英宏 、 姚吉慧 、 龍語申 、 劉黛瑩 、 白靜宜 、 林意箴 、 鎮萬鈞 、 黃柔閩 、 汪師超 、 楊鈞訸
2022年,9月14日 9月15日,中視 中天娛樂台,80, 台灣X檔案 ,劉書宏 、 楊雅筑 、 羅平 、 李博翔 、 張瀚元 、 朱宇謀 、 王上菲 、 鄭亞 、 優妮 、 潘慧如
2022年,9月21日,Disney+,11, 台北女子圖鑑 ,桂綸鎂 、 王柏傑 、 夏于喬 、 林思宇 、 林柏宏 、 石錦航
2022年,9月25日,東森戲劇台 LINE TV,5, 額外旅程 ,莊凱勛 、 黃瀞怡 、 陳婉婷 、 徐偉然 、 范瑞君 、 劉修甫 、 華星童 、 夏浦洋
2022年,9月26日,TVBS歡樂台,56, 機智校園生活－青春向前衝 ,謝祖武 、 周曉涵 、 紀言愷 、 曾莞婷 、 杜詩梅 、 林輝瑝 、 鍾岳軒 、 鄭豐毅 、 陳彥廷 、 王新凱 、 黃柏峰 、 李星鏴 、 孔令元 、 鄭芯恩 、 馮容潔 、 賴雅琪 、 楊翹碩
2022年,10月1日,公視 MyVideo 台視,6, 茁劇場－誰說媽媽像月亮 ,張耀仁 、 葛盈瑄 、 林意箴 、 勾峰 、 紀曉君 、 姚坤君 、 黃信堯 、 段鈞豪 、 謝孟勳 、 陳奕均
2022年,10月4日,衛視中文台 星衛娛樂台 中視,60, 仙女姐姐來我家 ,夏朧 、 吳念軒 、 韓瑜 、 黃薇渟 、 李聿安 、 尹昭德 、 李之勤 、 李至正 、 吳岳擎 、 邱木翰
2022年,10月14日,LINE TV CATCHPLAY+,12, 我的牙想你 ,吳岳擎 、 余晉 、 張豐豪 、 周予天 、 黃瀞怡 、 金在勳 、 許孟哲 、 鄭湋曄 、 虹茜 、 鄭心慈 、 洪毓璟
2022年,10月28日,Netflix,9, 她和她的她 ,許瑋甯 、 李程彬 、 賈靜雯 、 吳慷仁 、 温貞菱 、 李霈瑜 、 徐鈞浩 、 薛仕凌 、 林哲熹 、 于子育 、 丁寧 、 伊正 、 陳以文 、 胡宇威 、 郭雪芙
2022年,10月29日,公視 MyVideo 台視,6, 茁劇場－綠島金魂 ,葉星辰 、 顏毓麟 、 嚴正嵐 、 林子閎 、 黃鐙輝 、 陳慕義 、 楊麗音 、 黃尚禾 、 郭文頤 、 鄭湋曄
2022年,11月5日 11月6日,民視 緯來戲劇台,15, 決勝的揮拍 ,謝佳見 、 程予希 、 王瞳 、 吳東諺 、 沈建宏
2022年,12月3日,公視 friDay影音,2, 你的婚姻不是你的婚姻 － 聖筊 ,劉冠廷 、 孫可芳 、 李國毅 、 黃迪揚
2022年,12月10日,公視 friDay影音,2, 你的婚姻不是你的婚姻 － 尾號1314 ,藍葦華 、 李杏 、 姚淳耀
2022年,12月11日,愛奇藝國際站 東森戲劇台,12, 第9節課 ,許瑋甯 、 陳昊森 、 薛仕凌 、 尹馨 、 張景嵐 、 王渝屏 、 各務孝太 、 林玉書 、 楊誠
2022年,12月14日,TVBS歡樂台 台視,38, 加油喜事 ,陳亞蘭 、 王彩樺 、 洪都拉斯 、 李興文 、 劉秀雯 、 周曉涵 、 周孝安 、 鄒承恩 、 楊晴 、 臧芮軒 、 劉育仁 、 馬國賢 、 李承鴻 、 潘映竹 、 范巧宣
2022年,12月17日,公視 friDay影音,2, 你的婚姻不是你的婚姻 － 恭請光臨曾賈府喜事 ,李淳 、 簡嫚書 、 吳子霏
2022年,12月24日,公視 friDay影音,2, 你的婚姻不是你的婚姻 － 梅莉 ,施名帥 、 夏于喬 、 楊鈞訸 、 黃品瑜
2022年,12月28日,LINE TV,20, HIStory5 - 遇見未來的你 ,陳璽安 、 徐韜 、 王肇緯 、 張碩航
2023年,1月1日,華視 公視台語台,10, 再見之後 ,黃姵嘉 、 楊子儀 、 張耀仁 、 米可白 、 楊銘威 、 苗可麗 、 伊正 、 應采靈 、 章家瑄 、 吳沛寧
2023年,1月4日,Disney+,3, 台灣犯罪故事－出軌 ,鳳小岳 、 林予晞 、 薛仕凌 、 施柏宇
2023年,1月7日,公視 friDay影音,2, 你的婚姻不是你的婚姻 － 沙之書 ,温貞菱 、 林予晞 、 瑞瑪·席丹
2023年,1月11日,Disney+,3, 台灣犯罪故事－生死困局 ,王柏傑 、 李銘忠 、 陳家逵 、 林敬倫
2023年,1月14日,公視,30, 牛車來去 ,安心亞 、 楊烈 、 蔡昌憲 、 米可白 、 楊子儀 、 游安順
2023年,1月18日,Disney+,3, 台灣犯罪故事－惡有引力 ,陳以文 、 宋芸樺 、 范睿修 、 曾華宣
2023年,1月25日,Disney+,3, 台灣犯罪故事－黑潮之下 ,傅孟柏 、 李霈瑜 、 蔡凡熙 、 高英軒
2023年,2月6日,TVBS歡樂台 台視,37, 加油喜事－加油愛情 ,陳亞蘭 、 王彩樺 、 洪都拉斯 、 李興文 、 劉秀雯 、 周曉涵 、 周孝安 、 鄒承恩 、 楊晴 、 臧芮軒 、 劉育仁 、 馬國賢 、 李承鴻 、 潘映竹 、 范巧宣
2023年,3月12日,華視 公視台語台,10, 婚姻結業式2 ,謝祖武 、 張本渝 、 郁方 、 梁赫群 、 何如芸 、 馬力歐 、 田中千繪 、 邱凱偉 、 張天霖 、 茵芙 、 許乃涵 、 王以路
2023年,3月18日,公視,7, 國際橋牌社外傳：和平歸來 ,柯宇綸 、 鍾瑤 、 張詩盈 、 王彩樺 、 黃新皓 、 黃柏文 、 唐宛彤 、 白靜宜 、 藍丞晞 、 范宸菲 、 馬力歐
2023年,3月29日,TVBS歡樂台 台視,36, 加油喜事－守住愛情 ,陳亞蘭 、 王彩樺 、 洪都拉斯 、 李興文 、 劉秀雯 、 周曉涵 、 周孝安 、 鄒承恩 、 楊晴 、 臧芮軒 、 劉育仁 、 馬國賢 、 李承鴻 、 潘映竹 、 范巧宣
2023年,3月31日,Netflix,10, 模仿犯 ,吳慷仁 、 江宜蓉 、 姚淳耀 、 柯佳嬿 、 庹宗華 、 范少勳 、 夏騰宏 、 林心如
2023年,4月12日,客家電視台,10, 暗夜微光 ,梁修身 、 巫宗翰 、 梁正群 、 楊富江 、 朱陸豪 、 方大緯 、 吳奕蓉 、 張馨比 、 蔡亘晏 、 姜予 、 林育品 、 福地祐介 、 吳政迪 、 安代梅芳 、 陳廷軒
2023年,4月15日,愛奇藝國際站 八大戲劇台,12, 不良執念清除師 ,曾敬驊 、 宋芸樺 、 彭千祐 、 楊謹華 、 馬力歐 、 侯彥西 、 孫情 、 竇智孔 、 王滿嬌 、 呂雪鳳
2023年,4月21日 4月29日,三立都會台 TVBS歡樂台,9, 親愛壞蛋 ,隋棠 、 溫昇豪 、 六月 、 修杰楷 、 劉瑞琪 、 曾莞婷 、 林暉閔 、 項婕如 、 禾浩辰 、 謝雨芝 、 林敬倫
2023年,4月28日,Netflix,8, 人選之人-造浪者 ,謝盈萱 、 王淨 、 黃健瑋 、 戴立忍 、 陳姸霏 、 潘綱大 、 胡瑋杰 、 詹懷雲 、 廖怡裬 、 潘慧如 、 卜學亮
2023年,4月29日 4月30日,公視 八大戲劇台,10, 最佳利益2－決戰利益 ,天心 、 禾浩辰 、 溫昇豪 、 邱凱偉 、 楊銘威
2023年,5月14日,華視 公視台語台,10, 欺妻49天 ,藍葦華 、 林玟誼 、 楊小黎 、 廖苡喬 、 葉家妤 、 陳子強 、 向娃 、 翁家明 、 孫情 、 元六 、 方駿 、 吳政迪 、 莊岳 、 楊迦恩
2023年,5月24日,TVBS歡樂台 台視,35, 加油喜事－相信愛情 ,陳亞蘭 、 王彩樺 、 洪都拉斯 、 李興文 、 劉秀雯 、 周曉涵 、 周孝安 、 鄒承恩 、 楊晴 、 臧芮軒 、 劉育仁 、 馬國賢 、 李承鴻 、 潘映竹 、 范巧宣
2023年,5月29日,大愛電視台,22, 早點回家 ,方宥心 、 楊子儀 、 范宸菲 、 陳婉婷 、 藍葦華 、 林雨宣 、 楊麗音 、 談學斌
2023年,6月3日 6月4日,公視 八大戲劇台,10, 最佳利益3－最終利益 ,天心 、 禾浩辰 、 溫昇豪 、 邱凱偉 、 楊銘威
2023年,6月11日,東森戲劇台 TVBS歡樂台,24, W劇場：因為你如此耀眼 ,范少勳 、 郭雪芙 、 鍾承翰 、 蔡黃汝 、 卜學亮 、 張玉嬿 、 唐振剛 、 袁子芸 、 蘇達 、 柯淑勤 、 傅雷 、 葛蕾 、 謝其文 、 邱木翰 、 林煒 、 林孫煜豪
2023年,6月19日,三立都會台 華視主頻,40, 鬼之執行長 ,張立昂 、 劉奕兒 、 孫沁岳 、 姚以緹 、 劉修甫 、 賴琳恩 、 沈孟生 、 顏嘉樂 、 鮑正芳 、 陳榕姍
2023年,6月19日 6月24日,LINE TV TVBS歡樂台,20, 機智職場生活 ,高山峰 、 鍾岳軒 、 鄭豐毅 、 陳彥廷 、 王新凱 、 黃柏峰 、 商鈞 、 李星鏴 、 孔令元 、 鄭芯恩 、 馮容潔 、 賴雅琪 、 楊翹碩 、 王敏淳 、 吳玳慈 、  山豬 、 逸祥 、 紀欣伶 、 王碩瀚 、 熊少彤 、 林茉晶
2023年,7月2日 7月16日,公視 八大戲劇台,8, 八尺門的辯護人 ,李銘順 、 雷嘉汭 、 初孟軒 、 范逸臣 、 潘儀君 、 楊烈 、 黃健瑋 、 蘇達 、 陸夏 、 洪毓璟
2023年,7月7日,Vidol,10, 免疫屏蔽 ,楊懿軒 、 洪暐哲 、 鄭靚歆 、 夏宇禾 、 廖偉博 、 張凱翔 、 許博維
2023年,7月8日 7月14日,公視 三立都會台,20, 地獄里長 ,林哲熹 、 嚴正嵐 、 楊傑宇 、 鄭人碩 、 盛平 、 陳大天 、 鄭怡 、 陳昊森 、 王彩樺 、 李沐 、 邵奕玫 、 林暉閔 、 蔡瑞雪 、 許傑輝 、 龍劭華
2023年,8月1日,中視 衛視中文台,60, 女兒大人加個賴 ,柯叔元 、 陳妤 、 黃薇渟 、 侯彥西 、 管麟 、 王宇婕 、 鄭仲茵 、 陳敬宣 、 徐愷伶 、 林孫煜豪 、 李迪恩 、 洛可杉 、 庹宗華 、 沈威年 、 郭怡伶 、 賴雅琪
2023年,8月12日,LINE TV LiTV 線上影視 愛奇藝國際站,20, 慾望七人行 ,許習德 、 張香香 、 董仔 、 康茵茵 、 古承頤 、 黃琳媛 、 奎丁
2023年,8月20日,MyVideo 八大戲劇台,7, 百味小廚神－中元大餐 ,阮柏皓 、 藍正龍 、 夏靖庭 、 江宜蓉 、 黃冠智 、 林奕嵐 、 林澤凱 、 郭葦昀 、 何思靜 、 徐麗雯 、 黃品瑜
2023年,8月22日,八大電視的官方YouTube GagaOOLala,13, 奇蹟  ,徐愷 、 林毓桐 、 姜典 、 陳柏文 、 宋偉恩 、 葉恩 、 羅奕傑 、 謝承均 、 亮哲 、 楊烈
2023年,9月3日,東森戲劇台 TVBS歡樂台,24, W劇場：沒有你依然燦爛 ,孫可芳 、 簡嫚書 、 賴雅妍 、 鍾瑤 、 紀培慧 、 林子閎 、 邱凱偉 、 陳璽安 、 庹宗華 、 邱勝翊 、 游安順 、 李芳雯 、 顏嘉樂 、 星卉 、 郎祖筠 、 陳詩穎
2023年,9月3日,MyVideo 八大戲劇台,8, 百味小廚神－午餐爭霸戰 ,阮柏皓 、 藍正龍 、 黃品瑜 、 蔡安妍 、 張城熙 、 胡婷 、 于子育 、 郭子乾 、 林奕嵐 、 林澤凱 、 郭葦昀
2023年,9月15日,Vidol,10, 絕對佔領 ,毛祁生 、 蕭鴻 、 孫沁岳 、 洪詩 、 林巧媛 、 小凱 、 可伊 、 婕芯
2023年,9月17日 9月23日,八大戲劇台 華視 TVBS歡樂台,12, 有生之年 ,吳慷仁 、 張榕容 、 鄭元暢 、 林哲熹 、 楊貴媚 、 喜翔 、 孫可芳 、 方志友 、 謝展榮 、 黃姵嘉
2023年,9月28日,friDay影音 Hami Video,6, 火星上的維納斯 ,邵雨薇 、 曹佑寧 、 羅宏正 、 劉亮佐 、 黃靖倫 、 李玉璽 、 林利霏 、 草爺
2023年,10月11日,東森超視 華視,60, 阿叔,王識賢 、 韓瑜 、 張睿家 、 林玟誼 、 柏妍樺 、 伊正 、 王彩樺 、 黃西田 、 民雄 、 謝其文 、 巴鈺 、 黃新皓 、 張再興 、 安乙蕎 、 廖錦德 、 許瓊月 、 李之勤
2023年,10月24日,中視,40, 開創者 ,李國毅 、 蔡淑臻 、 安心亞 、 溫昇豪 、 吳婉君 、 陳奕 、 林在培 、 張瓊姿 、 江宏恩 、 張天霖 、 劉心語
2023年,11月3日 11月5日,三立都會台 華視,12, 美食無間 ,傅孟柏 、 王柏傑 、 簡嫚書 、 柯叔元 、 夏靖庭 、 黃尚禾 、 陽靚 、 王可元 、 張耀仁 、 陳家逵 、 張再興
2023年,11月10日,Netflix,10, 此時此刻 ,王淨 、 朱軒洋 、 楊銘威 、 張軒睿 、 林心如 、 林熙蕾 、 吳慷仁 、 徐熙娣 、 宋芸樺 、 林哲熹 、 林柏宏 、 黃路梓茵 、 賈靜雯 、 曾敬驊 、 曾國城 、 劉俊謙 、 郭雪芙 、 章廣辰 、 謝欣穎 、 劉品言 、 修杰楷 、 白靜宜 、 張耀仁 、 林辰唏 、 李銘忠 、 李佳穎 、 許莉婷
2023年,11月20日,台視,173, 追分成功,柯叔元 、 方馨 、 蕭景鴻 、 米可白 、 陳慕義 、 何宜珊 、 陳文山 、 茵芙 、 林在培 、 林乃華 、 馬國賢 、 陳瓊美 、 潘逸安 、 赫容 、 孫綻 、 謝麗金 、 亮曦 、 宋品葳 、 呂世偉 、 宋依璇 、 李銘叡 、 蔡湘宜 、 詹博丞 、 黃子柔 、 璽皓 、 許玥晨 、 王韋婷 、 林玉書
2023年,11月24日,KKTV,10, 保留席位 ,黃丞邦 、 陳玹宇 、 鄭湋曄 、 黃宏軒 、 張哲偉 、 王新凱 、 崔佩儀
2023年,11月26日,東森戲劇台 公視+,16, 生命捕手,王識賢 、 陳嘉樺 、 柯叔元 、 李維維 、 江祖平 、 潘君侖 、 邱偲琹 、 梁以辰 、 陳天仁 、 謝沛恩 、 王傳一 、 苗可麗 、 周群達 、 郭方儒 、 許傑輝
2023年,12月8日,中華電信MOD Hami Video,5, 深網 ,溫昇豪 、 陳雪甄 、 李京恬 、 宏榮 、 林暉閔 、 邵奕玫 、 容啟航 、 黃琦雯 、 陳昱志 、 陳佳瀅
2024年,1月17日,華視主頻 公視台語台,10, 少女八家將 ,龍劭華 、 陳瓊美 、 林韋君 、 張勛傑 、 楊子儀 、 許鈞鈞 、 吳東諺 、 林映彤 、 王丁築 、 林宜禾 、 孫綻
2024年,1月17日 1月21日,CATCHPLAY+ 愛奇藝 八大戲劇台,8, 茁劇場－非殺人小說 ,劉冠廷 、 王淨 、 隋棠 、 劉亮佐 、 方郁婷 、 黃耀冬 、 張詩盈 、 柯叔元 、 曾珮瑜 、 張書豪
2024年,1月20日,大愛電視台,6, 打怪任務 ,胡宇威 、 黃瀞怡 、 魏蔓 、 溫昇豪 、 梁正群 、 葛蕾 、 陳孝萱 、 林子熙 、 李杏 、 陳婉婷 、 陳璇
2024年,2月2日,Netflix,8, 愛愛內含光 ,柯震東 、 詹子萱 、 苗可麗 、 洪都拉斯 、 馬志翔 、 夏于喬 、 林哲熹 、 巫建和 、 鳳小岳
2024年,2月2日 2月4日,KKTV 三立都會台,10 12, 恆久定律,吳秉宸 、 黃禮豐 、 周詠軒 、 陳子玄 、 王盈堯 、 鄭家宜
2024年,2月10日,HBO GO,13, 何百芮的地獄毒白 ,郭書瑤 、 孫可芳 、 鍾瑶 、 阿Ken 、 張睿家 、 姚淳耀 、 姚以緹 、 詹懷雲
2024年,2月17日 2月23日,民視 三立台灣台,7, 商魂 ,傅孟柏 、 邵雨薇 、 市原隼人 、 李國毅 、 田中千繪 、 周曉涵 、 喜翔 、 朱德剛 、 徐鈞浩 、 林在培
2024年,2月18日 2月24日,華視 LINE TV 八大戲劇台 台視主頻,10, 華麗計程車行,曹佑寧 、 黃冠智 、 郭子乾 、 楊麗音 、 伊正 、 李李仁 、 程予希 、 何思靜 、 林嘉俐 、 黃舒湄 、 王滿嬌 、 孫綻 、 童毅軍 、 紀欣伶 、 阮安妮 、 游安順 、 應采靈 、 張菁菁
2024年,2月24日,優酷視頻 YouTube,12, 關於未知的我們 ,邱宇辰 、 黃宏軒 、 楊子儀 、 張楷奕 、 梁正群 、 金在勲 、 林昀希 、 朱宥丞
2024年,2月25日,東森戲劇台 公視+,14, 生命捕手2 ,王識賢 、 陳嘉樺 、 柯叔元 、 李維維 、 江祖平 、 潘君侖 、 邱偲琹 、 梁以辰 、 陳天仁 、 謝沛恩 、 王傳一 、 苗可麗 、 周群達 、 郭方儒 、 許傑輝
2024年,3月3日,公視台語台,8, 鹽水大飯店 ,張耀仁 、 吳子霏 、 洪毓璟 、 蔡昌憲 、 喬湲媛 、 黃迪揚 、 梁湘華 、 方文琳 、 謝銘祐 、 江宏恩 、 黃鐙輝 、 許莉廷
2024年,3月24日,TVBS歡樂台,5, 味盡緣 ,莫允雯 、 鄭人碩 、 李博翔 、 芳榕 （ 英語 ： Fang Rong (actress) ） 、 胡佳嬑 （ 英語 ： Hayley Woo ） 、 劉謙益
2024年,4月1日,客家電視台,10, 女孩上場2,安心亞 、 羅宏正 、 楊麗音 、 夏靖庭 、 黃騰浩 、 楊晴 、 蔡佳芸 、 陳采宣 、 丁景琦 、 張筠晨 、 黃湘茹 、 陳妤 、 陳映蓉 、 吳岱穎 、 張以琳 、 曾榆湫
2024年,4月6日 4月7日,公視 八大戲劇台,8, 不夠善良的我們 ,賀軍翔 、 林依晨 、 許瑋甯 、 柯震東
2024年,4月7日,TVBS歡樂台,2, 遊戲開始 ,胡宇威 、 周曉涵 、 盧以恩 、 張豐豪 、 喬湲媛 、 劉晉瑋 、 汪奇威 、 陳映如 、 黃丞邦 、 周詠軒 、 陳彥佐
2024年,4月8日,YouTube,63, 小菁與言言,林子熙 、 林意箴 、 林貫易 、 劉黛瑩 、 葉曉霏 、 徐韜 、 江常輝 、 鎮萬鈞 、 鄭湋曄 、 陳婉婷 、 河村一樹
2024年,4月12日,三立都會台,5, 省省吧！我家富貴發 ,郭子乾 、 曾莞婷 、 余晉 、 胡智強 、 陳昭妃 、 方志友 、 古斌 、 盧以恩 、 夏朧 、 伊正 、 小亮哥 、 林姿佑
2024年,4月14日,TVBS歡樂台,24, 完全省錢戀愛手冊,郭書瑤 、 林子閎 、 周智慧 、 鄧偉德 、 胡煜詩 （ 英語 ： Jernelle Oh ） 、 林鶴軒 、 黃柏峰 、 陳語安 、 林莎
2024年,4月15日,大愛電視台,12, 你準備萌芽了嗎？ ,柯淑勤 、 朱芷瑩 、 張瓊姿 、 黃采儀 、 馬力歐 、 夏靖庭 、 陳德烈 、 劉曉憶 、 應朗豐 、 胡利 、 黃錦雯 、 廖梨伶 、 溫吉興 、 許乃涵 、 薛提縈 、 蔡瑞澤 、 林輝瑝 、 沈昶宏 、 朱宥丞 、 謝欣諭 、 王宥謙
2024年,4月21日,華視 公視台語台,10, 勇氣家族 ,莊凱勛 、 陳亞蘭 、 檢場 、 林雨宣 、 陳婉婷 、 羅裕誴 、 茵聲
2024年,4月28日,原住民族電視台,1, Mapolong的滋味 ,楊晴 、 李宣榕 、 牛新民 、 胡逸哲 、 林照玉
2024年,4月30日,公視+,6, 就算一個人也可以好好的吃飯,胡宇威 、 李玲葦 、 姚以緹 、 廖苡喬
2024年,5月4日 5月5日 5月10日,公視 東森戲劇台 中天娛樂台,30, 我的婆婆怎麼那麼可愛2 ,鍾欣凌 、 黃姵嘉 、 張書偉 、 洪都拉斯 、 許孟哲 、 邱凱偉 、 王少偉 、 楊銘威 、 蘇晏霈 、 林筳諭 、 龍語申 、 張可昀 、 喬湲媛 、 謝毅宏 、 陳建凱 、 林東緒 、 丁也恬
2024年,5月31日 6月1日 6月2日,中視主頻 三立都會台 CATCHPLAY電影台,14, 幸福房屋事件簿 ,陳庭妮 、 蔡凡熙 、 莊凱勛 、 李國毅 、 林暉閔 、 丁春誠 、 陳竹昇 、 林鶴軒 、 王靜瑩 、 姚黛瑋 、 蔡燦得 、 張詩盈 、 王月
2024年,6月21日,Netflix,8, 誰是被害者2,張孝全 、 許瑋甯 、 李沐 、 王識賢 、 蘇慧倫 、 張再興 、 藤岡靛 、 劉俊謙 、 陳姸霏 、 劉子銓 、 喜翔
2024年,6月23日,華視 公視台語台,8, 我的意外室友 ,嚴正嵐 、 姚淳耀 、 楊麗音 、 楊烈 、 李冠毅 、 百白 、 陳立庭 、 張寗 、 蔡昌憲 、 陳孝萱 、 馬力歐
2024年,6月28日,Hami Video 中華電信MOD Netflix,10, 塑膠花 ,李沐 、 吳慷仁 、 張寗 、 高捷 、 陽靚 、 林鶴軒
2024年,7月12日,CATCHPLAY+,34, 都市懼集,許瑋甯 、 林柏宏 、 唐綺陽 、 邵雨薇 、 傅孟柏 、 曾博恩 、 劉品言 、 曾沛慈 、 黃河 、 黃姵嘉 、 曾愷玹 、 曾莞婷 、 陳妤 、 吳思賢 、 楊銘威 、 游安順 、 謝麗金 、 姚元浩 、 周采詩 、 李沐 、 項婕如 、 王渝萱 、 百白 、 章廣辰 、 徐鈞浩 、 江宜蓉 、 高英軒 、 喬瑟夫 、 林敬倫 、 何思靜 、 胡釋安 、 黃冠智 、 黃珮琪 、 廖允傑 、 蛇丸 、 胡椒 、 初孟軒 、 詹懷雲 、 顏毓麟 、 曾少宗 、 雷嘉汭 、 李雪 、 盧以恩 、 余佩真 、 張琴 、 林志儒 、 晏柔中 、 黃湘婷 、 管麟 、 高倩怡 、 黃大旺 、 林意箴 、 竺定誼 、 李劭婕 、 邵奕玫 、 許莉廷 、 謝章穎 、 黃聖球 、 王真琳 、 林思廷 、 許乃涵 、 饒星星 、 傅顯皓 、 吳言凜 、 樓一安 、 姚吉慧 、 陳映如 、 賀少俠 、 潘嘉麗 、 劉黛瑩 、 林葦妮 、 虹茜 、 林詩雅 、 高詩婷 、 洪文凱 、 陳慕帆 、 許博硯 、 韓亞熙 、 簡建安 、 吳俊希
2024年,8月8日,大愛電視台,23, 你好，我是誰2 ,寇世勳 、 崔佩儀 、 柯素雲 、 胡利 、 何豪傑 、 傅小芸 、 林玟誼 、 田家達 、 寇家瑞 、 朱芷瑩 、 謝瓊煖 、 洪小鈴 、 尹昭德 、 江祖平 、 李運慶 、 班鐵翔 、 劉曉憶 、 慕鈺華 、 談學斌 、 梁湘華 、 王為 、 葉文豪
2024年,8月11日,華視 公視台語台,8, 無罪推定 ,莊凱勛 、 蔡黃汝 、 楊小黎 、 鍾承翰 、 黃鐙輝 、 呂雪鳳 、 楊烈 、 鄭平君 、 李運慶 、 王嫚萱 、 焦曼婷 、 胡恩寧 、 洪毓璟 、 李飛 、 方大緯 、 林鴻翔 、 黃建豪
2024年,8月12日,GagaOOLala friDay影音,12, 彈一場完美戀愛 ,涂善存 、 張豐豪 、 劉泯庭 、 Jame Kasama 、 Kranjanawattana 、 李英宏 、 李佳歡 、 金泰佑 、 劉紀範 、 陳少卉
2024年,8月16日,三立都會台 LINE TV MyVideo YouTube,8, Q18量子預言 ,李銘順 、 天心 、 吳庚霖 、 石知田 、 金士傑 、 李璇 、 李千娜 、 趙逸嵐 、 劉修甫 、 盧以恩
2024年,8月17日,公視,5, 聽海湧 ,吳翰林 、 黃冠智 、 朱宥丞 、 連俞涵 、 施名帥 、 周厚安 、 Runa 、 岡本孝 、 塚原大助 、 松大航也 、 松野高志 、 馬場克樹 、 辻伊吹 、 葛西健二
2024年,8月22日,Netflix,6, 正港分局 ,許光漢 、 王淨 、 馬念先 、 陳彥佐
2024年,8月22日,Netflix GagaOOLala,12, 某某 ,曾向鎮 、 劉冬沁 、 古斌 、 顏毓麟 、 陸婷玉 、 段鈞豪 、 洪小鈴 、 姚愛寗 、 陳彥廷 、 陳為民 、 李至正 、 蔡振廷 、 鍾岳軒 、 邵奕玫 、 鄭湋曄 、 黃丞邦
2024年,8月30日,CATCHPLAY+ 愛奇藝,8, 讓我看見你是誰 ,雷嘉汭 、 詹懷雲 、 黃信赫 、 鄭宇恩 、 金東昱 、 屈中恆 、 阮氏翠恆 、 劉晉瑋 、 陳語杉 、 初孟軒 、 黑嘉嘉 、 陸明君 、 阿Ken 、 宏都拉斯 、 莫愛芳 、 黃尚禾
2024年,9月1日,八大戲劇台 MyVideo,12, 今夜一起為愛鼓掌 ,楊謹華 、 陳嘉樺 、 楊祐寧 、 王柏傑
2024年,9月2日,KKTV,18, K-DOL愛心增加學院 ,Gorn Wannapairote 、 許紫柔  、 汪東城 、 梁瀚名 、 粼粼 、 蔡佳彤 、 于常祐 、 夏菈 、 劉浩文 、 柯棨棋 、 洪仕晟
2024年,9月7日,八大戲劇台 Hami Video,20, 妳是我的姐妹 ,温貞菱 、 李霈瑜 、 張軒睿 、 徐鈞浩 、 林哲熹 、 林思宇 、 林美秀 、 陳竹昇
2024年,9月7日 9月8日,公視 八大戲劇台,9, 人生清理員 ,金士傑 、 鳳小岳 、 宋芸樺 、 蔡嘉茵 、 黃冠智 、 陸弈靜 、 許莉廷 、 鄭有傑 、 陳婉婷 、 夏騰宏 、 葉子綺
2024年,9月29日,華視 公視台語台,8, 孔雀魚 ,尹馨 、 安心亞 、 藍葦華 、 莊凱勛 、 張再興 、 蔡明修 、 亮哲 、 美麗本人 、 黃漢青
2024年,10月3日,大愛電視台,20, 在光裏的人,王傳一 、 翁家明 、 陳明珠 、 唐從聖 、 廖曉彤 、 張晏塵 、 邱子芯 、 錦雯 、 鍾政均 、 游小白 、 蔡天嘉
2024年,10月6日,東森戲劇台 MyVideo,22, X！又是星期一 ,林奕嵐 、 范少勳 、 曾莞婷 、 馬力歐 、 溫昇豪 、 趙自強 、 李李仁 、 謝毅宏 、 洪群鈞 、 詹子晴
2024年,10月23日,KKTV,13, 看見愛 ,金雲 、 林宇 、 林家佑 、 林詠傑 、 李悠 、 艾雨帆
2024年,11月2日,愛奇藝 八大戲劇台,10, 太太太厲害,曾沛慈 、 隋棠 、 周采詩 、 黃奇斌 、 楊祐寧 、 王陽明 、 林品彤 、 江格宇 、 唐宸禹 、 楊鈞訸 、 鄭楠鐘 、 禾浩辰 、 胡宇威 、 張永正 、 蕭東意 、 夏朧
2024年,11月4日,東森超視 華視,60, 阿榮與阿玉 ,柯叔元 、 韓瑜 、 林玟誼 、 張睿家 、 黃西田 、 王淑娟 、 伊正 、 鄭仲茵 、 小亮哥 、 民雄 、 謝其文 、 李亮瑾 、 吳心緹 、 張再興 、 劉紀範 、 黃新皓 、 柏妍樺 、 張絡扉
2024年,11月7日,Hami Video MyVideo friDay影音,10, 妮波自由式 ,莊凱勛 、 林思宇 、 陸夏 、 張書豪
2024年,11月7日,Netflix,12, 影后,楊謹華 、 謝盈萱 、 薛仕凌 、 陳庭妮 、 謝瓊煖 、 楊貴媚 、 鍾欣凌 、 曾莞婷 、 林廷憶 、 黃迪揚 、 詹懷雲 、 劉冠廷 、 黃仲崑 、 樓一安 、 陳家逵 、 牧森 、 陳彥嘉
2024年,11月17日,東森戲劇台 LINE TV,13, 不愛，愛 ,張軒睿 、 韓寧 、 陳語安 、 初孟軒 、 曾向鎮 、 伊正 、 倪安東 、 陳孝萱 、 包小松
2024年,12月8日,TVBS歡樂台 LINE TV,24, 秘書俱樂部,賴雅妍 、 王傳一 、 修杰楷 、 曾莞婷 、 張軒睿 、 黃尚禾 、 楊晴 、 管麟 、 樊光耀 、 林嘉俐 、 許時豪 、 鄭芯恩 、 葉子綺 、 林牧昕 、 孔令元 、 王上菲 、 鄭豐毅 、 曾子余 、 張哲偉
2024年,12月14日,AXN Hami Video,18, 不如海邊吹吹風,陳柏霖 、 郭雪芙 、 林柏叡 、 范文芳 、 洪慧芳 、 庹宗華 、 鄭家榆 、 馬念先 、 李之勤 、 蔡思韻 、 吳子霏 、 楊子儀 、 莊茜佳 、 王晴 、 元康 、 林映彤 、 簡劭峰
2024年,12月22日,三立都會台,12, 全面管控 ,張哲偉 、 陳峻廷 、 洪言翔 、 羅章恩
2024年,12月23日,大愛電視台,12, 血·拾人生 ,宋偉恩 、 魏蔓 、 黃薇渟 、 張睿家 、 林思廷 、 庹宗華 、 陳婉婷 、 王滿嬌 、 安俊朋 、 何思靜 、 張菁菁 、 黃冠智 、 李國強 、 邱凱偉 、 李維維
